SeineCode,Site Code,Sppcode,SizeStage,Count
5CN3_20130613_NS01-01,5CN3,PHSP,Small,1
5CN3_20130613_NS01-02,5CN3,PHSP,Small,5
5CN3_20130613_NS01-05,5CN3,GYRA,Small,1
5CN3_20130613_NS01-06,5CN3,GYRA,Small,1
5CN3_20130613_NS01-06,5CN3,PHSP,Small,2
5CN3_20130613_NS01-07,5CN3,GYRA,Small,1
5CN3_20130613_NS01-08,5CN3,GYRA,Large,1
5CN3_20130613_NS01-09,5CN3,PHSP,Large,2
5CN3_20130613_NS01-09,5CN3,GYRA,Medium,2
5CN3_20130613_NS01-09,5CN3,PHSP,Medium,2
5CN3_20130613_NS01-09,5CN3,PHSP,Small,4
5CN3_20130613_NS01-10,5CN3,GYRA,Small,2
5CN3_20130613_NS01-10,5CN3,PHSP,Small,2
5CN4_20130613_NS01-01,5CN4,PHSP,Small,9
5CN4_20130613_NS01-02,5CN4,LYCO,Small,40
5CN4_20130613_NS01-02,5CN4,PHSP,Small,30
5CN4_20130613_NS01-03,5CN4,PHSP,lg,2
5CN4_20130613_NS01-04,5CN4,LYCO,Small,1
5CN4_20130613_NS01-05,5CN4,LYCO,Small,95
5CN4_20130613_NS01-05,5CN4,PHSP,Small,9
5CN4_20130613_NS01-06,5CN4,LYCO,Small,6
5CN4_20130613_NS01-06,5CN4,PHSP,Small,1
5CN4_20130613_NS01-07,5CN4,PHSP,large,1
5CN4_20130613_NS01-08,5CN4,PHSP,Large,3
5CN4_20130613_NS01-08,5CN4,PHSP,Medium,1
5CN4_20130613_NS01-08,5CN4,LYCO,Small,3
5CN4_20130613_NS01-09,5CN4,PHSP,Large,1
5CN4_20130613_NS01-09,5CN4,LYCO,Small,3
5CN4_20130613_NS01-09,5CN4,PHSP,Small,1
Barn_20130514_NS01-01,Barn,HELI,Medium,1
Barn_20130514_NS01-01,Barn,GYRA,Small,9
Barn_20130514_NS01-01,Barn,PHSP,Small,1
Barn_20130514_NS01-03,Barn,GYRA,Small,2
Barn_20130514_NS01-03,Barn,PHSP,Small,1
Barn_20130514_NS01-04,Barn,PHSP,Small,3
Barn_20130514_NS01-05,Barn,PHSP,Medium,2
Barn_20130514_NS01-05,Barn,HELI,small,1
Barn_20130514_NS01-05,Barn,PHSP,Small,1
Barn_20130514_NS01-06,Barn,HELI,Medium,3
Barn_20130514_NS01-06,Barn,PHSP,Medium,1
Barn_20130514_NS01-06,Barn,GYRA,Small,6
Barn_20130514_NS01-06,Barn,HELI,Small,1
Barn_20130514_NS01-07,Barn,PHSP,Medium,5
Barn_20130514_NS01-09,Barn,GYRA,Large,4
Barn_20130514_NS01-09,Barn,HELI,Small,2
BASSGCP_20130510_NS01-02,BASSGCP,LYCO,Medium,1
BASSGCP_20130510_NS01-02,BASSGCP,GYRA,Small,10
BASSGCP_20130510_NS01-02,BASSGCP,LYCO,Small,1
BASSGCP_20130510_NS01-03,BASSGCP,HELI,Small,1
BASSGCP_20130510_NS01-05,BASSGCP,LYCO,Medium,2
BASSGCP_20130510_NS01-05,BASSGCP,GYRA,Small,6
BASSGCP_20130510_NS01-06,BASSGCP,GYRA,Small,3
BASSGCP_20130510_NS01-07,BASSGCP,GYRA,Small,3
BASSGCP_20130510_NS01-08,BASSGCP,LYCO,Medium,2
BASSGCP_20130510_NS01-08,BASSGCP,GYRA,Small,21
Beaver_20130514_NS01-01,Beaver,GYRA,Small,21
Beaver_20130514_NS01-01,Beaver,PHSP,Small,6
Beaver_20130514_NS01-02,Beaver,GYRA,Small,17
Beaver_20130514_NS01-02,Beaver,PHSP,Small,1
Beaver_20130514_NS01-03,Beaver,GYRA,Small,4
Beaver_20130514_NS01-03,Beaver,PHSP,Small,6
Beaver_20130514_NS01-04,Beaver,GYRA,Small,2
Beaver_20130514_NS01-04,Beaver,PHSP,Small,4
Beaver_20130514_NS01-05,Beaver,GYRA,Small,4
BNPND001_20130612_NS01-01,BNPND001,PHSP,Medium,15
BNPND001_20130612_NS01-01,BNPND001,LYCO,Small,2
BNPND001_20130612_NS01-01,BNPND001,PHSP,Small,3
BNPND001_20130612_NS01-03,BNPND001,LYCO,Medium,2
BNPND001_20130612_NS01-03,BNPND001,PHSP,Medium,12
BNPND001_20130612_NS01-04,BNPND001,PHSP,Medium,7
BNPND001_20130612_NS01-05,BNPND001,PHSP,Large,1
BNPND001_20130612_NS01-05,BNPND001,LYCO,Medium,1
BNPND001_20130612_NS01-05,BNPND001,PHSP,Medium,4
BNPND001_20130612_NS01-06,BNPND001,LYCO,Medium,1
BNPND001_20130612_NS01-06,BNPND001,PHSP,Medium,9
BNPND001_20130612_NS01-07,BNPND001,PHSP,Medium,10
BNPND001_20130612_NS01-08,BNPND001,PHSP,Small,1
BNPND001_20130612_NS01-09,BNPND001,PHSP,Medium,1
BNPND001_20130612_NS01-09,BNPND001,LYCO,Small,1
BNPND001_20130612_NS01-09,BNPND001,PHSP,Small,2
BNPND001_20130612_NS01-10,BNPND001,PHSP,Medium,31
BNPND001_20130612_NS01-10,BNPND001,LYCO,Small,4
BNPND002_20130521_NS01-01,BNPND002,GYRA,Small,3
BNPND002_20130521_NS01-01,BNPND002,LYCO,Small,1
BNPND002_20130521_NS01-02,BNPND002,HELI,Medium,3
BNPND002_20130521_NS01-02,BNPND002,GYRA,Small,9
BNPND002_20130521_NS01-03,BNPND002,HELI,Large,3
BNPND002_20130521_NS01-03,BNPND002,HELI,Medium,1
BNPND002_20130521_NS01-03,BNPND002,GYRA,Small,10
BNPND002_20130521_NS01-04,BNPND002,HELI,Large,8
BNPND002_20130521_NS01-04,BNPND002,HELI,Small,2
BNPND002_20130521_NS01-05,BNPND002,HELI,Large,6
BNPND002_20130521_NS01-05,BNPND002,HELI,Small,2
BNPND002_20130521_NS01-06,BNPND002,HELI,Small,2
BNPND002_20130521_NS01-06,BNPND002,LYCO,Small,2
BNPND002_20130521_NS01-07,BNPND002,HELI,Large,4
BNPND002_20130521_NS01-07,BNPND002,GYRA,Small,5
BNPND002_20130521_NS01-07,BNPND002,LYCO,Small,1
BNPND002_20130521_NS01-08,BNPND002,GYRA,Small,4
BNPND002_20130521_NS01-08,BNPND002,HELI,Small,4
BNPND002_20130521_NS01-08,BNPND002,LYCO,Small,2
BNPND002_20130521_NS01-09,BNPND002,HELI,Large,1
BNPND002_20130521_NS01-09,BNPND002,GYRA,Small,6
BNPND002_20130521_NS01-09,BNPND002,HELI,Small,5
BNPND002_20130521_NS01-10,BNPND002,HELI,Large,1
BNPND002_20130521_NS01-10,BNPND002,HELI,Medium,3
BNPND002_20130521_NS01-10,BNPND002,GYRA,Small,3
BNPND005_20130521_NS01-01,BNPND005,GYRA,Small,14
BNPND005_20130521_NS01-01,BNPND005,HELI,Small,5
BNPND005_20130521_NS01-01,BNPND005,PHSP,Small,2
BNPND005_20130521_NS01-02,BNPND005,LYMN,Small,1
BNPND005_20130521_NS01-02,BNPND005,PHSP,Small,1
BNPND005_20130521_NS01-03,BNPND005,GYRA,Small,45
BNPND005_20130521_NS01-03,BNPND005,PHSP,Small,4
BNPND005_20130521_NS01-04,BNPND005,GYRA,Small,12
BNPND005_20130521_NS01-04,BNPND005,PHSP,Small,3
BNPND005_20130521_NS01-05,BNPND005,GYRA,Small,3
BNPND005_20130521_NS01-05,BNPND005,PHSP,Small,1
BNPND005_20130521_NS01-06,BNPND005,HELI,Medium,1
BNPND005_20130521_NS01-06,BNPND005,GYRA,Small,8
BNPND005_20130521_NS01-06,BNPND005,PHSP,Small,2
BNPND005_20130521_NS01-07,BNPND005,HELI,Medium,2
BNPND005_20130521_NS01-07,BNPND005,PHSP,Medium,2
BNPND005_20130521_NS01-07,BNPND005,GYRA,Small,44
BNPND005_20130521_NS01-07,BNPND005,HELI,Small,2
BNPND005_20130521_NS01-07,BNPND005,LYMN,Small,32
BNPND005_20130521_NS01-07,BNPND005,PHSP,Small,3
BNPND005_20130521_NS01-08,BNPND005,HELI,Medium,1
BNPND005_20130521_NS01-08,BNPND005,PHSP,Medium,2
BNPND005_20130521_NS01-08,BNPND005,GYRA,Small,1
BNPND005_20130521_NS01-09,BNPND005,HELI,Medium,3
BNPND005_20130521_NS01-09,BNPND005,PHSP,Medium,4
BNPND005_20130521_NS01-09,BNPND005,GYRA,Small,17
BNPND005_20130521_NS01-10,BNPND005,HELI,Medium,1
BNPND005_20130521_NS01-10,BNPND005,PHSP,Medium,2
BNPND005_20130521_NS01-10,BNPND005,GYRA,Small,42
BNPND005_20130521_NS01-10,BNPND005,PHSP,Small,11
BNPND019_20130528_NS01-01,BNPND019,PHSP,Large,2
BNPND019_20130528_NS01-01,BNPND019,HELI,Small,25
BNPND019_20130528_NS01-02,BNPND019,HELI,Small,6
BNPND019_20130528_NS01-02,BNPND019,PHSP,Small,1
BNPND019_20130528_NS01-03,BNPND019,HELI,Small,15
BNPND019_20130528_NS01-04,BNPND019,HELI,Small,4
BNPND019_20130528_NS01-05,BNPND019,HELI,Medium,5
BNPND019_20130528_NS01-05,BNPND019,PHSP,Small,1
BNPND019_20130528_NS01-06,BNPND019,HELI,Medium,8
BNPND019_20130528_NS01-06,BNPND019,PHSP,Medium,1
BNPND019_20130528_NS01-07,BNPND019,HELI,Medium,35
BNPND019_20130528_NS01-07,BNPND019,PHSP,Medium,2
BNPND019_20130528_NS01-08,BNPND019,HELI,Large,5
BNPND019_20130528_NS01-08,BNPND019,HELI,Medium,13
BNPND019_20130528_NS01-08,BNPND019,HELI,Small,6
BNPND019_20130528_NS01-09,BNPND019,HELI,Medium,13
BNPND019_20130528_NS01-10,BNPND019,PHSP,Large,1
BNPND019_20130528_NS01-10,BNPND019,HELI,Medium,12
BNPND020_20130528_NS01-01,BNPND020,HELI,Small,15
BNPND020_20130528_NS01-01,BNPND020,LYCO,Small,3
BNPND020_20130528_NS01-01,BNPND020,PHSP,Small,2
BNPND020_20130528_NS01-02,BNPND020,HELI,Small,30
BNPND020_20130528_NS01-03,BNPND020,HELI,Small,1
BNPND020_20130528_NS01-04,BNPND020,HELI,Small,7
BNPND020_20130528_NS01-04,BNPND020,LYCO,Small,1
BNPND020_20130528_NS01-05,BNPND020,HELI,Small,11
BNPND020_20130528_NS01-05,BNPND020,LYCO,Small,3
BNPND020_20130528_NS01-06,BNPND020,HELI,Medium,58
BNPND020_20130528_NS01-06,BNPND020,LYCO,Medium,3
BNPND020_20130528_NS01-06,BNPND020,PHSP,Medium,1
BNPND020_20130528_NS01-07,BNPND020,HELI,Large,1
BNPND020_20130528_NS01-07,BNPND020,LYCO,Large,1
BNPND020_20130528_NS01-07,BNPND020,HELI,Medium,41
BNPND020_20130528_NS01-07,BNPND020,LYCO,Small,1
BNPND020_20130528_NS01-08,BNPND020,HELI,Large,2
BNPND020_20130528_NS01-08,BNPND020,HELI,Medium,39
BNPND020_20130528_NS01-08,BNPND020,LYCO,Medium,2
BNPND020_20130528_NS01-09,BNPND020,HELI,Medium,18
BNPND020_20130528_NS01-09,BNPND020,LYCO,Medium,2
BNPND020_20130528_NS01-10,BNPND020,HELI,Large,1
BNPND020_20130528_NS01-10,BNPND020,HELI,Medium,11
BNPND020_20130528_NS01-10,BNPND020,LYCO,Medium,2
BNPND020_20130715_NS01-01,BNPND020,HELI,Large,6
BNPND020_20130715_NS01-01,BNPND020,HELI,Medium,15
BNPND020_20130715_NS01-02,BNPND020,HELI,Large,4
BNPND020_20130715_NS01-02,BNPND020,PHSP,Large,1
BNPND020_20130715_NS01-02,BNPND020,HELI,Medium,38
BNPND020_20130715_NS01-03,BNPND020,HELI,Large,1
BNPND020_20130715_NS01-03,BNPND020,HELI,Medium,30
BNPND020_20130715_NS01-04,BNPND020,HELI,Large,4
BNPND020_20130715_NS01-04,BNPND020,HELI,Medium,9
BNPND020_20130715_NS01-05,BNPND020,HELI,Medium,15
BNPND024_20130528_NS01-01,BNPND024,LYCO,Medium,1
BNPND024_20130528_NS01-01,BNPND024,PHSP,Medium,9
BNPND024_20130528_NS01-01,BNPND024,HELI,Small,3
BNPND024_20130528_NS01-01,BNPND024,PHSP,Small,9
BNPND024_20130528_NS01-02,BNPND024,HELI,Large,1
BNPND024_20130528_NS01-02,BNPND024,PHSP,Small,6
BNPND024_20130528_NS01-03,BNPND024,HELI,Large,1
BNPND024_20130528_NS01-03,BNPND024,GYRA,Small,5
BNPND024_20130528_NS01-03,BNPND024,HELI,Small,2
BNPND024_20130528_NS01-03,BNPND024,PHSP,Small,3
BNPND024_20130528_NS01-04,BNPND024,PHSP,Large,1
BNPND024_20130528_NS01-04,BNPND024,HELI,Small,2
BNPND024_20130528_NS01-04,BNPND024,PHSP,Small,1
BNPND024_20130528_NS01-05,BNPND024,HELI,Large,2
BNPND024_20130528_NS01-05,BNPND024,GYRA,Small,2
BNPND024_20130528_NS01-06,BNPND024,HELI,Small,2
BNPND024_20130528_NS01-06,BNPND024,PHSP,Small,3
BNPND024_20130528_NS01-07,BNPND024,HELI,Large,5
BNPND024_20130528_NS01-07,BNPND024,HELI,Medium,10
BNPND024_20130528_NS01-07,BNPND024,PHSP,Medium,17
BNPND024_20130528_NS01-07,BNPND024,GYRA,Small,2
BNPND024_20130528_NS01-08,BNPND024,HELI,Large,3
BNPND024_20130528_NS01-08,BNPND024,HELI,Medium,13
BNPND024_20130528_NS01-08,BNPND024,PHSP,Medium,40
BNPND024_20130528_NS01-08,BNPND024,GYRA,Small,3
BNPND024_20130528_NS01-08,BNPND024,PHSP,Small,2
BNPND024_20130528_NS01-09,BNPND024,HELI,Large,2
BNPND024_20130528_NS01-09,BNPND024,HELI,Medium,1
BNPND024_20130528_NS01-09,BNPND024,PHSP,Medium,7
BNPND024_20130528_NS01-09,BNPND024,HELI,Small,2
BNPND024_20130528_NS01-10,BNPND024,HELI,Small,1
CabinBOR_20130508_NS01-01,CabinBOR,PHSP,Small,8
CabinBOR_20130508_NS01-02,CabinBOR,PHSP,Small,4
CabinBOR_20130508_NS01-03,CabinBOR,GYRA,Small,1
CabinBOR_20130508_NS01-03,CabinBOR,HELI,Small,3
CabinBOR_20130508_NS01-03,CabinBOR,LYCO,Small,1
CabinBOR_20130508_NS01-03,CabinBOR,PHSP,Small,2
CabinBOR_20130508_NS01-04,CabinBOR,GYRA,Small,4
CabinBOR_20130508_NS01-04,CabinBOR,HELI,Small,8
CabinBOR_20130508_NS01-04,CabinBOR,LYCO,Small,5
CabinBOR_20130508_NS01-05,CabinBOR,HELI,Small,19
CabinBOR_20130508_NS01-05,CabinBOR,LYCO,Small,11
CabinBOR_20130508_NS01-06,CabinBOR,HELI,Small,1
CabinBOR_20130508_NS01-06,CabinBOR,LYCO,Small,3
CabinBOR_20130508_NS01-06,CabinBOR,PHSP,Small,2
CabinBOR_20130508_NS01-07,CabinBOR,LYCO,Small,8
CabinBOR_20130508_NS01-08,CabinBOR,HELI,Small,1
CabinBOR_20130508_NS01-08,CabinBOR,LYCO,Small,1
CabinBOR_20130508_NS01-09,CabinBOR,HELI,Small,23
CabinBOR_20130508_NS01-09,CabinBOR,PHSP,Small,6
CA-BN003_20130521_NS01-01,CA-BN003,HELI,Large,1
CA-BN003_20130521_NS01-01,CA-BN003,HELI,Small,2
CA-BN003_20130521_NS01-04,CA-BN003,HELI,Large,2
CA-BN003_20130521_NS01-06,CA-BN003,HELI,Medium,4
CA-BN003_20130521_NS01-07,CA-BN003,HELI,Large,1
CA-BN003_20130521_NS01-08,CA-BN003,HELI,Large,2
CA-BN003_20130521_NS01-09,CA-BN003,HELI,Large,3
CA-BN003_20130521_NS01-10,CA-BN003,HELI,Large,1
CA-BN004_20130521_NS01-01,CA-BN004,HELI,Small,1
CA-BN004_20130521_NS01-02,CA-BN004,HELI,Medium,1
CA-BN004_20130521_NS01-02,CA-BN004,HELI,Small,1
CA-BN004_20130521_NS01-03,CA-BN004,HELI,Small,1
CA-BN004_20130521_NS01-04,CA-BN004,GYRA,Small,2
CA-BN004_20130521_NS01-04,CA-BN004,PHSP,Small,2
CA-BN004_20130521_NS01-06,CA-BN004,HELI,Small,1
CA-BN004_20130521_NS01-07,CA-BN004,HELI,Medium,4
CA-BN004_20130521_NS01-08,CA-BN004,HELI,Medium,3
CA-BN004_20130521_NS01-08,CA-BN004,HELI,Small,1
CA-BN004_20130521_NS01-08,CA-BN004,PHSP,Small,2
CA-BN004_20130521_NS01-09,CA-BN004,HELI,Large,1
CA-BN004_20130521_NS01-09,CA-BN004,PHSP,Large,1
CA-BN004_20130521_NS01-09,CA-BN004,HELI,Medium,3
CA-BN004_20130521_NS01-09,CA-BN004,LYCO,Medium,1
CA-BN004_20130521_NS01-09,CA-BN004,GYRA,Small,1
CA-BN004_20130521_NS01-09,CA-BN004,HELI,Small,4
CA-BN004_20130521_NS01-09,CA-BN004,PHSP,Small,3
CA-BN004_20130521_NS01-10,CA-BN004,HELI,Medium,3
CA-BN004_20130521_NS01-10,CA-BN004,PHSP,Medium,1
CA-BN004_20130521_NS01-10,CA-BN004,GYRA,Small,1
CA-BN016_20130704_NS01-01,CA-BN016,HELI,Medium,1
CA-BN016_20130704_NS01-01,CA-BN016,PHSP,Medium,6
CA-BN016_20130704_NS01-02,CA-BN016,HELI,Medium,2
CA-BN016_20130704_NS01-02,CA-BN016,HELI,Small,1
CA-BN016_20130704_NS01-03,CA-BN016,HELI,Medium,5
CA-BN016_20130704_NS01-03,CA-BN016,HELI,Small,2
CA-BN016_20130704_NS01-04,CA-BN016,HELI,Medium,10
CA-BN016_20130704_NS01-04,CA-BN016,PHSP,Medium,1
CA-BN016_20130704_NS01-04,CA-BN016,HELI,Small,2
CA-BN016_20130704_NS01-05,CA-BN016,HELI,Medium,6
CA-BN016_20130704_NS01-05,CA-BN016,PHSP,Medium,6
CA-BN016_20130704_NS01-05,CA-BN016,HELI,Small,1
CA-BN016_20130704_NS01-06,CA-BN016,HELI,Medium,1
CA-BN016_20130704_NS01-07,CA-BN016,HELI,Small,1
CA-BN016_20130704_NS01-08,CA-BN016,HELI,Medium,1
CA-BN016_20130704_NS01-09,CA-BN016,HELI,Medium,7
CA-BN016_20130704_NS01-09,CA-BN016,PHSP,Medium,16
CA-BN016_20130704_NS01-10,CA-BN016,HELI,Large,1
CA-BN016_20130704_NS01-10,CA-BN016,HELI,Small,2
CA-BN016_20130715_NS01-01,CA-BN016,HELI,Medium,5
CA-BN016_20130715_NS01-02,CA-BN016,HELI,Medium,16
CA-BN016_20130715_NS01-03,CA-BN016,HELI,Medium,9
CA-BN016_20130715_NS01-03,CA-BN016,PHSP,Medium,1
CA-BN016_20130715_NS01-04,CA-BN016,HELI,Medium,4
CA-BN016_20130715_NS01-05,CA-BN016,HELI,Medium,9
CA-BN016_20130715_NS01-05,CA-BN016,PHSP,Medium,1
CA-BN017_20130604_NS01-03,CA-BN017,HELI,Medium,1
CA-BN017_20130604_NS01-05,CA-BN017,HELI,Medium,1
CA-BN017_20130604_NS01-06,CA-BN017,HELI,Medium,10
CA-BN017_20130604_NS01-07,CA-BN017,HELI,Medium,3
CA-BN017_20130604_NS01-07,CA-BN017,HELI,Small,2
CA-BN017_20130604_NS01-08,CA-BN017,HELI,Medium,3
CA-BN017_20130604_NS01-09,CA-BN017,HELI,Medium,1
CA-BN017_20130604_NS01-10,CA-BN017,HELI,Medium,12
CA-BN018_20130528_NS01-01,CA-BN018,HELI,Large,10
CA-BN018_20130528_NS01-01,CA-BN018,HELI,Small,80
CA-BN018_20130528_NS01-01,CA-BN018,LYCO,Small,4
CA-BN018_20130528_NS01-02,CA-BN018,LYCO,Large,1
CA-BN018_20130528_NS01-02,CA-BN018,HELI,Small,45
CA-BN018_20130528_NS01-03,CA-BN018,LYCO,Large,1
CA-BN018_20130528_NS01-03,CA-BN018,HELI,Small,25
CA-BN018_20130528_NS01-04,CA-BN018,HELI,Small,40
CA-BN018_20130528_NS01-04,CA-BN018,LYCO,Small,2
CA-BN018_20130528_NS01-05,CA-BN018,HELI,Small,15
CA-BN018_20130528_NS01-05,CA-BN018,LYCO,Small,1
CA-BN018_20130528_NS01-06,CA-BN018,HELI,Small,36
CA-BN018_20130528_NS01-07,CA-BN018,HELI,Medium,14
CA-BN018_20130528_NS01-07,CA-BN018,HELI,Small,25
CA-BN018_20130528_NS01-08,CA-BN018,HELI,Small,15
CA-BN018_20130528_NS01-09,CA-BN018,HELI,Medium,5
CA-BN018_20130528_NS01-09,CA-BN018,HELI,Small,13
CA-BN018_20130528_NS01-10,CA-BN018,HELI,Large,3
CA-BN018_20130528_NS01-10,CA-BN018,LYCO,Medium,1
CA-BN018_20130528_NS01-10,CA-BN018,HELI,Small,38
CA-EDWD_20130510_NS01-01,CA-EDWD,HELI,Small,1
CA-EDWD_20130510_NS01-02,CA-EDWD,HELI,Small,10
CA-EDWD_20130510_NS01-03,CA-EDWD,HELI,Small,3
CA-EDWD_20130510_NS01-05,CA-EDWD,GYRA,Small,1
CA-EDWD_20130510_NS01-05,CA-EDWD,HELI,Small,5
CA-EDWD_20130510_NS01-06,CA-EDWD,HELI,Small,1
CA-EDWD_20130510_NS01-07,CA-EDWD,HELI,Small,7
CA-EDWD_20130510_NS01-08,CA-EDWD,HELI,Small,8
CA-EDWD_20130510_NS01-09,CA-EDWD,HELI,Small,2
CA-EDWD_20130510_NS01-10,CA-EDWD,HELI,Small,4
CA-GLAKE_20130509_NS01-01,CA-GLAKE,GYRA,Small,4
CA-GLAKE_20130509_NS01-01,CA-GLAKE,PHSP,Small,3
CA-GLAKE_20130509_NS01-02,CA-GLAKE,PHSP,Medium,1
CA-GLAKE_20130509_NS01-02,CA-GLAKE,PHSP,Small,5
CA-GLAKE_20130509_NS01-03,CA-GLAKE,GYRA,Small,1
CA-GLAKE_20130509_NS01-03,CA-GLAKE,HELI,Small,1
CA-GLAKE_20130509_NS01-04,CA-GLAKE,HELI,Medium,1
CA-GLAKE_20130509_NS01-04,CA-GLAKE,PHSP,Medium,7
CA-GLAKE_20130509_NS01-04,CA-GLAKE,GYRA,Small,2
CA-GLAKE_20130509_NS01-05,CA-GLAKE,PHSP,Medium,2
CA-GLAKE_20130509_NS01-05,CA-GLAKE,PHSP,Small,7
CA-GLAKE_20130509_NS01-06,CA-GLAKE,HELI,Medium,1
CA-GLAKE_20130509_NS01-06,CA-GLAKE,PHSP,Medium,4
CA-GLAKE_20130509_NS01-06,CA-GLAKE,HELI,Small,7
CA-GLAKE_20130509_NS01-07,CA-GLAKE,PHSP,Medium,2
CA-GLAKE_20130509_NS01-07,CA-GLAKE,GYRA,Small,1
CA-GLAKE_20130509_NS01-08,CA-GLAKE,GYRA,Small,1
CA-GLAKE_20130509_NS01-09,CA-GLAKE,GYRA,Small,1
CA-GLAKE_20130509_NS01-09,CA-GLAKE,PHSP,Small,2
CA-GLAKE_20130509_NS01-10,CA-GLAKE,PHSP,Medium,1
CA-GLAKE_20130509_NS01-10,CA-GLAKE,GYRA,Small,1
CA-GLAKE_20130509_NS01-10,CA-GLAKE,HELI,Small,1
CA-MANZA_20130511_NS01-01,CA-MANZA,HELI,Medium,6
CA-MANZA_20130511_NS01-03,CA-MANZA,HELI,Medium,4
CA-MANZA_20130511_NS01-06,CA-MANZA,HELI,Medium,1
CA-MANZA_20130511_NS01-06,CA-MANZA,HELI,Small,2
CA-MANZA_20130511_NS01-07,CA-MANZA,HELI,Medium,1
CA-MANZA_20130511_NS01-07,CA-MANZA,HELI,Small,1
CA-MANZA_20130511_NS01-08,CA-MANZA,HELI,Medium,4
CA-MANZA_20130511_NS01-08,CA-MANZA,PHSP,Medium,1
CA-MANZA_20130511_NS01-09,CA-MANZA,LYCO,Medium,1
CA-MANZA_20130511_NS01-09,CA-MANZA,PHSP,Medium,3
CA-MANZA_20130511_NS01-10,CA-MANZA,HELI,Medium,2
CA-MANZA_20130511_NS01-10,CA-MANZA,PHSP,Medium,1
CA-MCCRY_20130509_NS01-01,CA-MCCRY,HELI,Small,1
CA-MCCRY_20130509_NS01-02,CA-MCCRY,GYRA,Small,35
CA-MCCRY_20130509_NS01-02,CA-MCCRY,HELI,Small,5
CA-MCCRY_20130509_NS01-02,CA-MCCRY,PHSP,Small,25
CA-MCCRY_20130509_NS01-03,CA-MCCRY,GYRA,Small,27
CA-MCCRY_20130509_NS01-03,CA-MCCRY,PHSP,Small,3
CA-MCCRY_20130509_NS01-04,CA-MCCRY,LYCO,Medium,1
CA-MCCRY_20130509_NS01-04,CA-MCCRY,PHSP,Small,17
CA-MCCRY_20130509_NS01-05,CA-MCCRY,GYRA,Small,28
CA-MCCRY_20130509_NS01-05,CA-MCCRY,HELI,Small,2
CA-MCCRY_20130509_NS01-05,CA-MCCRY,PHSP,Small,31
CA-MCCRY_20130509_NS01-06,CA-MCCRY,PHSP,Small,2
CA-MCCRY_20130509_NS01-07,CA-MCCRY,GYRA,Small,48
CA-MCCRY_20130509_NS01-07,CA-MCCRY,HELI,Small,3
CA-MCCRY_20130509_NS01-07,CA-MCCRY,PHSP,Small,16
CA-MCCRY_20130509_NS01-08,CA-MCCRY,GYRA,Small,6
CA-MCCRY_20130509_NS01-08,CA-MCCRY,PHSP,Small,4
CA-MCCRY_20130509_NS01-09,CA-MCCRY,GYRA,Small,14
CA-MCCRY_20130509_NS01-09,CA-MCCRY,HELI,Small,3
CA-MCCRY_20130509_NS01-09,CA-MCCRY,PHSP,Small,10
CA-MCCRY_20130509_NS01-10,CA-MCCRY,HELI,Medium,1
CA-MCCRY_20130509_NS01-10,CA-MCCRY,GYRA,Small,13
CA-MCCRY_20130509_NS01-10,CA-MCCRY,HELI,Small,2
CA-MCCRY_20130509_NS01-10,CA-MCCRY,PHSP,Small,4
CA-MUD65_20130522_NS01-01,CA-MUD65,PHSP,Medium,15
CA-MUD65_20130522_NS01-01,CA-MUD65,HELI,Small,40
CA-MUD65_20130522_NS01-02,CA-MUD65,PHSP,Medium,4
CA-MUD65_20130522_NS01-02,CA-MUD65,HELI,Small,55
CA-MUD65_20130522_NS01-03,CA-MUD65,HELI,Medium,5
CA-MUD65_20130522_NS01-03,CA-MUD65,HELI,Small,43
CA-MUD65_20130522_NS01-03,CA-MUD65,PHSP,Small,1
CA-MUD65_20130522_NS01-04,CA-MUD65,HELI,Large,1
CA-MUD65_20130522_NS01-04,CA-MUD65,PHSP,Medium,2
CA-MUD65_20130522_NS01-04,CA-MUD65,HELI,Small,27
CA-MUD65_20130522_NS01-05,CA-MUD65,HELI,Medium,1
CA-MUD65_20130522_NS01-05,CA-MUD65,HELI,Small,46
CA-MUD65_20130522_NS01-06,CA-MUD65,PHSP,Medium,9
CA-MUD65_20130522_NS01-06,CA-MUD65,HELI,Small,12
CA-MUD65_20130522_NS01-06,CA-MUD65,PHSP,Small,1
CA-MUD65_20130522_NS01-07,CA-MUD65,HELI,Large,1
CA-MUD65_20130522_NS01-07,CA-MUD65,PHSP,Medium,22
CA-MUD65_20130522_NS01-07,CA-MUD65,HELI,Small,70
CA-MUD65_20130522_NS01-08,CA-MUD65,HELI,Large,1
CA-MUD65_20130522_NS01-08,CA-MUD65,HELI,Medium,4
CA-MUD65_20130522_NS01-08,CA-MUD65,PHSP,Medium,11
CA-MUD65_20130522_NS01-09,CA-MUD65,HELI,Large,3
CA-MUD65_20130522_NS01-09,CA-MUD65,HELI,Medium,4
CA-MUD65_20130522_NS01-09,CA-MUD65,PHSP,Medium,6
CA-MUD65_20130522_NS01-09,CA-MUD65,HELI,Small,40
CA-MUD65_20130522_NS01-10,CA-MUD65,HELI,Large,4
CA-MUD65_20130522_NS01-10,CA-MUD65,PHSP,Medium,8
CA-MUD65_20130522_NS01-10,CA-MUD65,HELI,Small,6
CA-MUD66_20130522_NS01-03,CA-MUD66,HELI,Small,2
CA-MUD66_20130522_NS01-03,CA-MUD66,PHSP,Small,1
CA-MUD66_20130522_NS01-06,CA-MUD66,HELI,Medium,1
CA-MUD66_20130522_NS01-06,CA-MUD66,HELI,Small,2
CA-MUD66_20130522_NS01-10,CA-MUD66,PHSP,Small,1
CA-MUD67_20130522_NS01-01,CA-MUD67,PHSP,Medium,15
CA-MUD67_20130522_NS01-01,CA-MUD67,HELI,Small,2
CA-MUD67_20130522_NS01-01,CA-MUD67,PHSP,Small,2
CA-MUD67_20130522_NS01-02,CA-MUD67,PHSP,Medium,17
CA-MUD67_20130522_NS01-03,CA-MUD67,PHSP,Medium,26
CA-MUD67_20130522_NS01-03,CA-MUD67,HELI,Small,1
CA-MUD67_20130522_NS01-04,CA-MUD67,PHSP,Medium,22
CA-MUD67_20130522_NS01-04,CA-MUD67,PHSP,Small,4
CA-MUD67_20130522_NS01-05,CA-MUD67,HELI,Large,1
CA-MUD67_20130522_NS01-05,CA-MUD67,PHSP,Medium,18
CA-MUD67_20130522_NS01-06,CA-MUD67,HELI,Large,2
CA-MUD67_20130522_NS01-06,CA-MUD67,PHSP,Large,1
CA-MUD67_20130522_NS01-06,CA-MUD67,PHSP,Medium,3
CA-MUD67_20130522_NS01-07,CA-MUD67,HELI,Medium,2
CA-MUD67_20130522_NS01-07,CA-MUD67,PHSP,Medium,45
CA-MUD67_20130522_NS01-08,CA-MUD67,HELI,Large,3
CA-MUD67_20130522_NS01-08,CA-MUD67,PHSP,Medium,37
CA-MUD67_20130522_NS01-09,CA-MUD67,HELI,Medium,1
CA-MUD67_20130522_NS01-09,CA-MUD67,PHSP,Medium,30
CA-MUD67_20130522_NS01-10,CA-MUD67,PHSP,Medium,12
Ca-Pig_20130511_ns01-03,Ca-Pig,HELI,Medium,1
Ca-Pig_20130511_ns01-04,Ca-Pig,HELI,Small,1
Ca-Pig_20130511_ns01-05,Ca-Pig,HELI,md,11
Ca-Pig_20130511_ns01-05,Ca-Pig,HELI,Small,4
Ca-Pig_20130511_ns01-06,Ca-Pig,HELI,Medium,4
Ca-Pig_20130511_ns01-07,Ca-Pig,HELI,md,11
Ca-Pig_20130511_ns01-08,Ca-Pig,HELI,Medium,11
Ca-Pig_20130511_ns01-09,Ca-Pig,HELI,Medium,23
Ca-Pig_20130511_ns01-09,Ca-Pig,HELI,Small,11
CA-PIG_20130511_ns01-10,CA-PIG,HELI,md,1
Ca-SF101_20130618_NS01-01,Ca-SF101,HELI,Medium,1
Ca-SF101_20130618_NS01-01,Ca-SF101,PHSP,Medium,5
Ca-SF101_20130618_NS01-01,Ca-SF101,PHSP,Small,10
Ca-SF101_20130618_NS01-02,Ca-SF101,LYCO,Medium,1
Ca-SF101_20130618_NS01-02,Ca-SF101,PHSP,Medium,9
Ca-SF101_20130618_NS01-02,Ca-SF101,HELI,Small,1
Ca-SF101_20130618_NS01-02,Ca-SF101,PHSP,Small,15
Ca-SF101_20130618_NS01-03,Ca-SF101,HELI,Small,1
Ca-SF101_20130618_NS01-03,Ca-SF101,PHSP,Small,1
Ca-SF101_20130618_NS01-04,Ca-SF101,HELI,Medium,2
Ca-SF101_20130618_NS01-04,Ca-SF101,LYCO,Medium,3
Ca-SF101_20130618_NS01-04,Ca-SF101,GYRA,Small,2
Ca-SF101_20130618_NS01-04,Ca-SF101,PHSP,Small,9
Ca-SF101_20130618_NS01-05,Ca-SF101,HELI,Medium,4
Ca-SF101_20130618_NS01-05,Ca-SF101,HELI,Small,3
Ca-SF101_20130618_NS01-05,Ca-SF101,PHSP,Small,4
Ca-SF101_20130618_NS01-06,Ca-SF101,HELI,Medium,6
Ca-SF101_20130618_NS01-06,Ca-SF101,LYCO,Medium,1
Ca-SF101_20130618_NS01-06,Ca-SF101,PHSP,Small,9
Ca-SF101_20130618_NS01-07,Ca-SF101,PHSP,Small,3
Ca-SF101_20130618_NS01-08,Ca-SF101,HELI,Small,5
Ca-SF101_20130618_NS01-08,Ca-SF101,PHSP,Small,4
Ca-SF101_20130618_NS01-09,Ca-SF101,PHSP,Medium,4
Ca-SF101_20130618_NS01-09,Ca-SF101,PHSP,Small,6
Ca-SF101_20130618_NS01-10,Ca-SF101,PHSP,Medium,3
Ca-SF101_20130618_NS01-10,Ca-SF101,PHSP,Small,1
CA-SF19_20130517_NS01-01,CA-SF19,HELI,Medium,1
CA-SF19_20130517_NS01-01,CA-SF19,HELI,Small,1
CA-SF19_20130517_NS01-02,CA-SF19,HELI,Small,1
CA-SF19_20130517_NS01-03,CA-SF19,HELI,Small,1
CA-SF19_20130517_NS01-05,CA-SF19,HELI,Medium,1
CA-SF19_20130517_NS01-07,CA-SF19,HELI,Large,1
CA-SF19_20130517_NS01-09,CA-SF19,HELI,Medium,1
CA-SF19_20130517_NS01-09,CA-SF19,HELI,Small,1
CA-SF19_20130517_NS01-10,CA-SF19,HELI,Medium,3
Ca-SF25_20130625_NS01-01,Ca-SF25,HELI,Medium,9
Ca-SF25_20130625_NS01-01,Ca-SF25,HELI,Small,9
Ca-SF25_20130625_NS01-02,Ca-SF25,HELI,Medium,3
Ca-SF25_20130625_NS01-02,Ca-SF25,HELI,Small,2
Ca-SF25_20130625_NS01-03,Ca-SF25,HELI,Large,1
Ca-SF25_20130625_NS01-03,Ca-SF25,HELI,Medium,3
Ca-SF25_20130625_NS01-03,Ca-SF25,HELI,Small,4
Ca-SF25_20130625_NS01-04,Ca-SF25,HELI,Medium,2
Ca-SF25_20130625_NS01-05,Ca-SF25,HELI,Small,3
Ca-SF25_20130625_NS01-06,Ca-SF25,HELI,Large,1
Ca-SF25_20130625_NS01-06,Ca-SF25,HELI,Medium,11
Ca-SF25_20130625_NS01-06,Ca-SF25,HELI,Small,20
Ca-SF25_20130625_NS01-07,Ca-SF25,HELI,Medium,10
Ca-SF25_20130625_NS01-07,Ca-SF25,HELI,Small,38
Ca-SF25_20130625_NS01-08,Ca-SF25,HELI,Small,2
Ca-SF25_20130625_NS01-09,Ca-SF25,HELI,Small,15
Ca-SF25_20130625_NS01-10,Ca-SF25,HELI,Large,1
Ca-SF25_20130625_NS01-10,Ca-SF25,HELI,Medium,5
Ca-SF25_20130625_NS01-10,Ca-SF25,HELI,Small,12
CA-SF30_20130516_NS01-01,CA-SF30,GYRA,Small,1
CA-SF30_20130516_NS01-01,CA-SF30,PHSP,Small,4
CA-SF30_20130516_NS01-02,CA-SF30,PHSP,Small,3
CA-SF30_20130516_NS01-03,CA-SF30,GYRA,Small,1
CA-SF30_20130516_NS01-03,CA-SF30,PHSP,Small,6
CA-SF30_20130516_NS01-04,CA-SF30,GYRA,Small,2
CA-SF30_20130516_NS01-04,CA-SF30,PHSP,Small,8
CA-SF30_20130516_NS01-05,CA-SF30,GYRA,Small,1
CA-SF30_20130516_NS01-05,CA-SF30,PHSP,Small,22
CA-SF30_20130516_NS01-06,CA-SF30,PHSP,Small,17
CA-SF30_20130516_NS01-07,CA-SF30,GYRA,Small,1
CA-SF30_20130516_NS01-07,CA-SF30,PHSP,Small,5
CA-SF30_20130516_NS01-08,CA-SF30,PHSP,Small,13
CA-SF30_20130516_NS01-09,CA-SF30,PHSP,Large,1
CA-SF30_20130516_NS01-09,CA-SF30,PHSP,Small,20
CA-SF34_20130516_NS01-01,CA-SF34,HELI,Medium,1
CA-SF34_20130516_NS01-03,CA-SF34,HELI,Medium,1
CA-SF34_20130516_NS01-04,CA-SF34,HELI,Medium,1
CA-SF34_20130516_NS01-07,CA-SF34,HELI,Small,1
Ca-SF79_20130618_NS01-01,Ca-SF79,PHSP,Medium,1
Ca-SF79_20130618_NS01-02,Ca-SF79,HELI,Medium,4
Ca-SF79_20130618_NS01-02,Ca-SF79,PHSP,Medium,1
Ca-SF79_20130618_NS01-03,Ca-SF79,HELI,Large,1
Ca-SF79_20130618_NS01-04,Ca-SF79,HELI,Medium,1
Ca-SF79_20130618_NS01-04,Ca-SF79,PHSP,Medium,2
Ca-SF79_20130618_NS01-07,Ca-SF79,HELI,Medium,2
Ca-SF79_20130618_NS01-07,Ca-SF79,LYCO,Medium,1
Ca-SF79_20130618_NS01-07,Ca-SF79,PHSP,Small,1
Ca-SF79_20130618_NS01-08,Ca-SF79,PHSP,Medium,5
Ca-SF79_20130618_NS01-10,Ca-SF79,HELI,Medium,1
CA-SF85_20130517_NS01-01,CA-SF85,HELI,Medium,12
CA-SF85_20130517_NS01-01,CA-SF85,HELI,Small,1
CA-SF85_20130517_NS01-02,CA-SF85,HELI,Medium,15
CA-SF85_20130517_NS01-03,CA-SF85,HELI,Medium,14
CA-SF85_20130517_NS01-04,CA-SF85,HELI,Medium,66
CA-SF85_20130517_NS01-05,CA-SF85,HELI,Medium,8
CA-SF85_20130517_NS01-06,CA-SF85,HELI,Large,1
CA-SF85_20130517_NS01-06,CA-SF85,HELI,Medium,35
CA-SF85_20130517_NS01-07,CA-SF85,HELI,Large,2
CA-SF85_20130517_NS01-07,CA-SF85,HELI,Medium,16
CA-SF85_20130517_NS01-08,CA-SF85,HELI,Medium,2
CA-SF85_20130517_NS01-09,CA-SF85,HELI,Medium,11
CA-SF85_20130517_NS01-10,CA-SF85,HELI,Medium,4
CTTLMUD_20130605_NS01-01,CTTLMUD,PHSP,Small,60
CTTLMUD_20130605_NS01-02,CTTLMUD,PHSP,Small,30
EagleGCP_20130511_NS01-06,EagleGCP,HELI,Small,2
EagleGCP_20130511_NS01-10,EagleGCP,HELI,Small,1
EagleGCP_20130511_NS01-11,EagleGCP,HELI,Medium,4
EagleGCP_20130511_NS01-11,EagleGCP,GYRA,Small,1
EagleGCP_20130511_NS01-12,EagleGCP,GYRA,Small,7
Frog_20130514_ns01-01,Frog,HELI,Medium,10
Frog_20130514_ns01-01,Frog,HELI,Small,5
Frog_20130514_ns01-02,Frog,HELI,Large,5
Frog_20130514_ns01-02,Frog,HELI,md,3
Frog_20130514_ns01-02,Frog,HELI,Small,1
Frog_20130514_ns01-04,Frog,HELI,Large,4
Frog_20130514_ns01-04,Frog,HELI,Medium,2
Frog_20130514_ns01-04,Frog,HELI,Small,3
Frog_20130514_ns01-05,Frog,HELI,Large,12
Frog_20130514_ns01-05,Frog,HELI,Medium,11
Frog_20130514_ns01-06,Frog,HELI,Large,1
Frog_20130514_ns01-06,Frog,HELI,md,6
Frog_20130514_ns01-07,Frog,HELI,Large,1
Frog_20130514_ns01-07,Frog,HELI,Small,1
Frog_20130514_ns01-08,Frog,HELI,Large,2
Frog_20130514_ns01-08,Frog,HELI,Medium,20
Frog_20130514_ns01-08,Frog,HELI,Small,4
Frog_20130514_ns01-09,Frog,HELI,Medium,5
Frog_20130514_ns01-09,Frog,HELI,Small,7
GDPND001_20130523_NS01-01,GDPND001,PHSP,Small,4
GDPND001_20130523_NS01-02,GDPND001,PHSP,Medium,1
GDPND001_20130523_NS01-03,GDPND001,GYRA,Small,2
GDPND001_20130523_NS01-03,GDPND001,PHSP,Small,5
GDPND001_20130523_NS01-04,GDPND001,GYRA,Small,1
GDPND001_20130523_NS01-06,GDPND001,PHSP,Small,1
GDPND001_20130523_NS01-07,GDPND001,GYRA,Small,1
GDPND001_20130523_NS01-07,GDPND001,PHSP,Small,2
GDPND001_20130523_NS01-09,GDPND001,PHSP,Small,1
GDPND001_20130523_NS01-10,GDPND001,PHSP,Small,3
GDPND002_20130523_NS01-03,GDPND002,HELI,Medium,1
GDPND002_20130523_NS01-03,GDPND002,PHSP,Medium,1
GDPND002_20130523_NS01-10,GDPND002,PHSP,Small,1
GDPND004_20130523_NS01-01,GDPND004,HELI,Large,4
GDPND004_20130523_NS01-01,GDPND004,PHSP,Large,1
GDPND004_20130523_NS01-02,GDPND004,HELI,Large,13
GDPND004_20130523_NS01-02,GDPND004,PHSP,Large,5
GDPND004_20130523_NS01-03,GDPND004,HELI,Large,13
GDPND004_20130523_NS01-03,GDPND004,PHSP,Large,7
GDPND004_20130523_NS01-03,GDPND004,HELI,Medium,1
GDPND004_20130523_NS01-04,GDPND004,HELI,Large,14
GDPND004_20130523_NS01-04,GDPND004,PHSP,Large,4
GDPND004_20130523_NS01-05,GDPND004,HELI,Large,4
GDPND004_20130523_NS01-05,GDPND004,PHSP,Large,4
GDPND004_20130523_NS01-05,GDPND004,HELI,Medium,1
GDPND004_20130523_NS01-06,GDPND004,HELI,Large,1
GDPND004_20130523_NS01-06,GDPND004,PHSP,Small,1
GDPND004_20130523_NS01-07,GDPND004,HELI,Large,1
GDPND004_20130523_NS01-07,GDPND004,PHSP,Large,2
GDPND004_20130523_NS01-08,GDPND004,HELI,Large,2
GDPND004_20130523_NS01-10,GDPND004,HELI,Large,2
GDPND005_20130523_NS01-01,GDPND005,PHSP,Medium,3
GDPND005_20130523_NS01-01,GDPND005,HELI,Small,3
GDPND005_20130523_NS01-02,GDPND005,HELI,Small,1
GDPND005_20130523_NS01-03,GDPND005,HELI,Small,3
GDPND005_20130523_NS01-04,GDPND005,HELI,Medium,1
GDPND005_20130523_NS01-04,GDPND005,PHSP,Medium,1
GDPND005_20130523_NS01-04,GDPND005,HELI,Small,6
GDPND005_20130523_NS01-05,GDPND005,HELI,Medium,1
GDPND005_20130523_NS01-05,GDPND005,HELI,Small,1
GDPND005_20130523_NS01-05,GDPND005,PHSP,Small,2
GDPND005_20130523_NS01-06,GDPND005,HELI,Medium,16
GDPND005_20130523_NS01-06,GDPND005,PHSP,Small,1
GDPND005_20130523_NS01-07,GDPND005,HELI,Medium,16
GDPND005_20130523_NS01-07,GDPND005,PHSP,Small,1
GDPND005_20130523_NS01-08,GDPND005,PHSP,Medium,9
GDPND005_20130523_NS01-09,GDPND005,HELI,Medium,3
GDPND005_20130523_NS01-10,GDPND005,HELI,Medium,7
GDPND006_20130527_NS01-01,GDPND006,HELI,Medium,14
GDPND006_20130527_NS01-01,GDPND006,HELI,Small,5
GDPND006_20130527_NS01-02,GDPND006,HELI,Medium,9
GDPND006_20130527_NS01-02,GDPND006,HELI,Small,4
GDPND006_20130527_NS01-03,GDPND006,HELI,Medium,4
GDPND006_20130527_NS01-04,GDPND006,HELI,Medium,4
GDPND006_20130527_NS01-06,GDPND006,HELI,Medium,2
GDPND006_20130527_NS01-06,GDPND006,HELI,Small,2
GDPND006_20130527_NS01-07,GDPND006,PHSP,Large,1
GDPND006_20130527_NS01-07,GDPND006,HELI,Medium,2
GDPND006_20130527_NS01-09,GDPND006,PHSP,Large,2
GDPND006_20130627_NS01-04,GDPND006,HELI,Large,2
GDPND008_20130528_NS01-01,GDPND008,HELI,Large,2
GDPND008_20130528_NS01-01,GDPND008,HELI,Medium,18
GDPND008_20130528_NS01-01,GDPND008,PHSP,Medium,2
GDPND008_20130528_NS01-02,GDPND008,HELI,Large,5
GDPND008_20130528_NS01-02,GDPND008,GYRA,Small,1
GDPND008_20130528_NS01-03,GDPND008,HELI,Large,8
GDPND008_20130528_NS01-03,GDPND008,PHSP,Large,1
GDPND008_20130528_NS01-03,GDPND008,PHSP,Medium,1
GDPND008_20130528_NS01-04,GDPND008,HELI,Medium,6
GDPND008_20130528_NS01-04,GDPND008,PHSP,Medium,1
GDPND008_20130528_NS01-05,GDPND008,HELI,Large,1
GDPND008_20130528_NS01-05,GDPND008,PHSP,Large,2
GDPND008_20130528_NS01-05,GDPND008,HELI,Medium,4
GDPND008_20130528_NS01-05,GDPND008,PHSP,Medium,1
GDPND008_20130528_NS01-06,GDPND008,HELI,Medium,35
GDPND008_20130528_NS01-06,GDPND008,PHSP,Medium,5
GDPND008_20130528_NS01-06,GDPND008,PHSP,Small,1
GDPND008_20130528_NS01-07,GDPND008,HELI,Large,2
GDPND008_20130528_NS01-07,GDPND008,PHSP,Large,1
GDPND008_20130528_NS01-07,GDPND008,HELI,Medium,11
GDPND008_20130528_NS01-07,GDPND008,PHSP,Medium,2
GDPND008_20130528_NS01-08,GDPND008,HELI,Large,3
GDPND008_20130528_NS01-08,GDPND008,PHSP,Large,4
GDPND008_20130528_NS01-08,GDPND008,HELI,Medium,42
GDPND008_20130528_NS01-08,GDPND008,PHSP,Medium,4
GDPND008_20130528_NS01-09,GDPND008,PHSP,Large,1
GDPND008_20130528_NS01-09,GDPND008,HELI,Medium,15
GDPND008_20130528_NS01-10,GDPND008,HELI,Medium,9
GDPND008_20130528_NS01-10,GDPND008,PHSP,Medium,3
GDPND009_20130527_NS01-03,GDPND009,HELI,Large,1
GDPND009_20130527_NS01-05,GDPND009,GYRA,Small,3
GDPND009_20130527_NS01-06,GDPND009,HELI,Large,1
GDPND009_20130527_NS01-09,GDPND009,GYRA,S,34
GDPND009_20130527_NS01-10,GDPND009,GYRA,Small,41
GDPND010_20130527_NS01-02,GDPND010,PHSP,Small,2
GDPND010_20130527_NS01-08,GDPND010,GYRA,Small,7
GDPND010_20130527_NS01-08,GDPND010,PHSP,Small,2
GDPND010_20130527_NS01-09,GDPND010,GYRA,Small,5
GDPND010_20130527_NS01-09,GDPND010,PHSP,Small,6
GDPND014_20130527_NS01-01,GDPND014,HELI,Medium,5
GDPND014_20130527_NS01-01,GDPND014,PHSP,Medium,15
GDPND014_20130527_NS01-01,GDPND014,HELI,Small,1
GDPND014_20130527_NS01-02,GDPND014,PHSP,Large,4
GDPND014_20130527_NS01-02,GDPND014,HELI,Small,2
GDPND014_20130527_NS01-03,GDPND014,PHSP,Medium,7
GDPND014_20130527_NS01-03,GDPND014,HELI,Small,1
GDPND014_20130527_NS01-04,GDPND014,HELI,Medium,7
GDPND014_20130527_NS01-04,GDPND014,PHSP,Medium,6
GDPND014_20130527_NS01-05,GDPND014,PHSP,Medium,2
GDPND014_20130527_NS01-06,GDPND014,PHSP,Large,7
GDPND014_20130527_NS01-06,GDPND014,PHSP,Medium,4
GDPND014_20130527_NS01-06,GDPND014,HELI,Small,5
GDPND014_20130527_NS01-07,GDPND014,PHSP,Medium,9
GDPND014_20130527_NS01-07,GDPND014,HELI,Small,2
GDPND014_20130527_NS01-07,GDPND014,PHSP,Small,10
GDPND014_20130527_NS01-08,GDPND014,PHSP,Large,2
GDPND014_20130527_NS01-08,GDPND014,HELI,Medium,4
GDPND014_20130527_NS01-08,GDPND014,PHSP,Medium,7
GDPND014_20130527_NS01-08,GDPND014,HELI,Small,1
GDPND014_20130527_NS01-09,GDPND014,PHSP,Large,1
GDPND014_20130527_NS01-09,GDPND014,HELI,Medium,1
GDPND014_20130527_NS01-09,GDPND014,HELI,Small,4
GDPND014_20130527_NS01-09,GDPND014,PHSP,Small,10
GDPND014_20130527_NS01-10,GDPND014,PHSP,Large,1
GDPND014_20130527_NS01-10,GDPND014,PHSP,Medium,1
GLORGCP_20130511_NS01-01,GLORGCP,GYRA,Small,1
GLORGCP_20130511_NS01-07,GLORGCP,GYRA,Small,2
GrampBOR_20130508_NS01-01,GrampBOR,GYRA,Small,15
GrampBOR_20130508_NS01-01,GrampBOR,HELI,Small,1
GrampBOR_20130508_NS01-01,GrampBOR,PHSP,Small,1
GrampBOR_20130508_NS01-02,GrampBOR,GYRA,Small,40
GrampBOR_20130508_NS01-02,GrampBOR,PHSP,Small,6
GrampBOR_20130508_NS01-03,GrampBOR,GYRA,Small,26
GrampBOR_20130508_NS01-03,GrampBOR,PHSP,Small,3
GrampBOR_20130508_NS01-04,GrampBOR,GYRA,Small,9
GrampBOR_20130508_NS01-04,GrampBOR,LYCO,Small,1
GrampBOR_20130508_NS01-05,GrampBOR,GYRA,Small,2
GrampBOR_20130508_NS01-06,GrampBOR,GYRA,Small,13
GrampBOR_20130508_NS01-07,GrampBOR,GYRA,Small,18
GrampBOR_20130508_NS01-07,GrampBOR,PHSP,Small,4
GrampBOR_20130508_NS01-08,GrampBOR,GYRA,Small,36
GrampBOR_20130508_NS01-08,GrampBOR,PHSP,Small,6
GrampBOR_20130508_NS01-09,GrampBOR,GYRA,Small,8
GrampBOR_20130508_NS01-09,GrampBOR,PHSP,Small,1
HERONGCP_20130510_NS01-01,HERONGCP,PHSP,Medium,2
HERONGCP_20130510_NS01-01,HERONGCP,PHSP,Small,3
HERONGCP_20130510_NS01-02,HERONGCP,PHSP,Medium,5
HERONGCP_20130510_NS01-02,HERONGCP,PHSP,Small,1
HERONGCP_20130510_NS01-03,HERONGCP,PHSP,Medium,1
HERONGCP_20130510_NS01-04,HERONGCP,PHSP,Large,1
HERONGCP_20130510_NS01-04,HERONGCP,PHSP,Medium,6
HERONGCP_20130510_NS01-04,HERONGCP,HELI,Small,2
HERONGCP_20130510_NS01-04,HERONGCP,PHSP,Small,3
HERONGCP_20130510_NS01-05,HERONGCP,PHSP,Large,1
HERONGCP_20130510_NS01-06,HERONGCP,PHSP,Large,2
HERONGCP_20130510_NS01-06,HERONGCP,GYRA,Small,7
HERONGCP_20130510_NS01-06,HERONGCP,PHSP,Small,1
HERONGCP_20130510_NS01-07,HERONGCP,PHSP,Large,1
HERONGCP_20130510_NS01-07,HERONGCP,HELI,Medium,1
HERONGCP_20130510_NS01-07,HERONGCP,PHSP,Medium,2
HERONGCP_20130510_NS01-07,HERONGCP,GYRA,Small,8
HERONGCP_20130510_NS01-07,HERONGCP,HELI,Small,2
HERONGCP_20130510_NS01-08,HERONGCP,PHSP,Large,1
HERONGCP_20130510_NS01-09,HERONGCP,PHSP,Large,3
HERONGCP_20130510_NS01-09,HERONGCP,PHSP,Medium,2
HERONGCP_20130510_NS01-09,HERONGCP,PHSP,Small,1
HERONGCP_20130510_NS01-10,HERONGCP,PHSP,Large,6
HERONGCP_20130510_NS01-10,HERONGCP,PHSP,Medium,1
Hidden_20130514_ns01-01,Hidden,HELI,Small,23
Hidden_20130514_ns01-01,Hidden,PHSP,Small,4
Hidden_20130514_ns01-03,Hidden,HELI,Medium,6
Hidden_20130514_ns01-03,Hidden,HELI,Small,19
Hidden_20130514_ns01-04,Hidden,HELI,Medium,9
Hidden_20130514_ns01-04,Hidden,PHSP,Medium,2
Hidden_20130514_ns01-04,Hidden,HELI,Small,38
Hidden_20130514_ns01-04,Hidden,PHSP,Small,1
Hidden_20130514_ns01-05,Hidden,HELI,md,16
Hidden_20130514_ns01-05,Hidden,HELI,Small,50
Hidden_20130514_ns01-06,Hidden,HELI,Medium,12
Hidden_20130514_ns01-06,Hidden,PHSP,Medium,1
Hidden_20130514_ns01-06,Hidden,HELI,Small,1
Hidden_20130514_ns01-06,Hidden,PHSP,Small,2
Hidden_20130514_ns01-07,Hidden,HELI,Medium,14
Hidden_20130514_ns01-07,Hidden,PHSP,Medium,2
Hidden_20130514_ns01-07,Hidden,HELI,Small,10
Hidden_20130514_ns01-08,Hidden,HELI,lg,1
Hidden_20130514_ns01-08,Hidden,HELI,Medium,10
Hidden_20130514_ns01-08,Hidden,PHSP,Medium,1
Hidden_20130514_ns01-08,Hidden,HELI,Small,20
Hidden_20130514_ns01-09,Hidden,HELI,Medium,13
Hidden_20130514_ns01-09,Hidden,HELI,Small,25
MN-EDP_20130716_NS01-01,MN-EDP,HELI,Small,20
MUD22_20130530_NS01-01,MUD22,PHSP,Small,9
MUD22_20130530_NS01-04,MUD22,PHSP,Small,2
MUD22_20130530_NS01-05,MUD22,PHSP,Small,3
MUD22_20130530_NS01-06,MUD22,PHSP,Small,2
MUD22_20130530_NS01-07,MUD22,PHSP,Small,15
MUD22_20130530_NS01-08,MUD22,PHSP,Small,3
MUD22_20130530_NS01-09,MUD22,PHSP,Small,5
MUD22_20130530_NS01-10,MUD22,PHSP,Small,8
MUD22_20130709_NS01-02,MUD22,HELI,Medium,1
MUD23_20130530_NS01-01,MUD23,HELI,Small,1
MUD23_20130530_NS01-01,MUD23,PHSP,Small,1
MUD23_20130530_NS01-02,MUD23,HELI,Small,1
MUD23_20130530_NS01-02,MUD23,PHSP,Small,2
MUD23_20130530_NS01-03,MUD23,HELI,Small,7
MUD23_20130530_NS01-03,MUD23,PHSP,Small,2
MUD23_20130530_NS01-05,MUD23,HELI,Small,1
MUD23_20130530_NS01-05,MUD23,PHSP,Small,2
MUD23_20130530_NS01-06,MUD23,HELI,Small,2
MUD23_20130530_NS01-06,MUD23,PHSP,Small,3
MUD23_20130530_NS01-07,MUD23,HELI,Small,1
MUD23_20130530_NS01-07,MUD23,PHSP,Small,3
MUD23_20130530_NS01-10,MUD23,HELI,Small,2
MUD23_20130530_NS01-10,MUD23,PHSP,Small,2
MUD23_20130807_NS01-01,MUD23,HELI,Large,33
MUD23_20130807_NS01-01,MUD23,PHSP,Large,4
MUD23_20130807_NS01-02,MUD23,HELI,Large,22
MUD23_20130807_NS01-02,MUD23,PHSP,Large,1
MUD23_20130807_NS01-03,MUD23,HELI,Large,27
MUD31_20130513_NS01-01,MUD31,GYRA,Small,18
MUD31_20130513_NS01-01,MUD31,HELI,Small,6
MUD31_20130513_NS01-01,MUD31,PHSP,Small,2
MUD31_20130513_NS01-03,MUD31,GYRA,Small,7
MUD31_20130513_NS01-03,MUD31,PHSP,Small,8
MUD31_20130513_NS01-04,MUD31,HELI,Medium,1
MUD31_20130513_NS01-04,MUD31,GYRA,Small,21
MUD31_20130513_NS01-04,MUD31,HELI,Small,7
MUD31_20130513_NS01-04,MUD31,PHSP,Small,3
MUD31_20130513_NS01-05,MUD31,GYRA,Small,25
MUD31_20130513_NS01-06,MUD31,HELI,Medium,4
MUD31_20130513_NS01-06,MUD31,GYRA,Small,32
MUD31_20130513_NS01-06,MUD31,HELI,Small,12
MUD31_20130513_NS01-06,MUD31,PHSP,Small,2
MUD31_20130513_NS01-07,MUD31,GYRA,Small,16
MUD31_20130513_NS01-08,MUD31,HELI,Medium,1
MUD31_20130513_NS01-08,MUD31,GYRA,Small,5
MUD31_20130513_NS01-08,MUD31,HELI,Small,4
MUD31_20130513_NS01-08,MUD31,PHSP,Small,2
MUD31_20130513_NS01-09,MUD31,HELI,Large,1
MUD31_20130513_NS01-09,MUD31,HELI,Medium,4
MUD31_20130513_NS01-09,MUD31,GYRA,Small,12
MUD31_20130513_NS01-09,MUD31,PHSP,Small,4
MUD31_20130513_NS01-10,MUD31,GYRA,Small,12
MUD39_20130606_NS01-01,MUD39,HELI,Large,5
MUD39_20130606_NS01-02,MUD39,HELI,Large,2
MUD39_20130606_NS01-02,MUD39,PHSP,Medium,1
MUD39_20130606_NS01-04,MUD39,HELI,Large,2
MUD39_20130606_NS01-04,MUD39,PHSP,Large,1
MUD39_20130606_NS01-05,MUD39,PHSP,Medium,2
MUD39_20130606_NS01-05,MUD39,PHSP,Small,9
MUD39_20130606_NS01-06,MUD39,HELI,Large,1
MUD39_20130606_NS01-07,MUD39,PHSP,Medium,1
MUD39_20130606_NS01-09,MUD39,HELI,Large,2
MUD39_20130606_NS01-09,MUD39,PHSP,Medium,1
MUD39_20130806_NS01-01,MUD39,HELI,Large,2
MUD39_20130806_NS01-01,MUD39,PHSP,Medium,4
MUD39_20130806_NS01-02,MUD39,HELI,Large,26
MUD39_20130806_NS01-02,MUD39,PHSP,Large,20
MUD39_20130806_NS01-03,MUD39,HELI,Large,4
MUD39_20130806_NS01-03,MUD39,PHSP,Large,29
MUD40_20130606_NS01-06,MUD40,PHSP,Large,3
MUD40_20130606_NS01-07,MUD40,PHSP,Large,2
MUD41_20130606_NS01-01,MUD41,HELI,Medium,12
MUD41_20130606_NS01-01,MUD41,PHSP,Medium,9
MUD41_20130606_NS01-01,MUD41,HELI,Small,15
MUD41_20130606_NS01-02,MUD41,HELI,Large,2
MUD41_20130606_NS01-02,MUD41,HELI,Medium,42
MUD41_20130606_NS01-02,MUD41,HELI,Small,8
MUD41_20130606_NS01-03,MUD41,HELI,Medium,10
MUD41_20130606_NS01-03,MUD41,PHSP,Medium,4
MUD41_20130606_NS01-03,MUD41,HELI,Small,3
MUD41_20130606_NS01-04,MUD41,HELI,Medium,20
MUD41_20130606_NS01-04,MUD41,HELI,Small,20
MUD41_20130606_NS01-04,MUD41,PHSP,Small,11
MUD41_20130606_NS01-05,MUD41,HELI,Medium,8
MUD41_20130606_NS01-05,MUD41,PHSP,Medium,4
MUD41_20130606_NS01-05,MUD41,HELI,Small,6
MUD41_20130606_NS01-05,MUD41,PHSP,Small,2
MUD41_20130606_NS01-06,MUD41,HELI,Medium,4
MUD41_20130606_NS01-06,MUD41,PHSP,Medium,1
MUD41_20130606_NS01-06,MUD41,HELI,Small,20
MUD41_20130606_NS01-06,MUD41,PHSP,Small,20
MUD41_20130606_NS01-07,MUD41,HELI,Large,8
MUD41_20130606_NS01-07,MUD41,HELI,Medium,49
MUD41_20130606_NS01-07,MUD41,PHSP,Medium,14
MUD41_20130606_NS01-07,MUD41,HELI,Small,7
MUD41_20130606_NS01-08,MUD41,HELI,Medium,12
MUD41_20130606_NS01-08,MUD41,PHSP,Medium,2
MUD41_20130606_NS01-09,MUD41,HELI,Medium,3
MUD41_20130606_NS01-09,MUD41,HELI,Small,2
MUD41_20130606_NS01-09,MUD41,PHSP,Small,3
MUD41_20130606_NS01-10,MUD41,HELI,Large,1
MUD41_20130606_NS01-10,MUD41,HELI,Medium,3
MUD41_20130606_NS01-10,MUD41,PHSP,Medium,1
MUD41_20130606_NS01-10,MUD41,HELI,Small,10
MUD41_20130806_NS01-01,MUD41,HELI,Medium,280
MUD41_20130806_NS01-01,MUD41,PHSP,Medium,57
MUD41_20130806_NS01-02,MUD41,HELI,Medium,250
MUD41_20130806_NS01-02,MUD41,PHSP,Medium,45
MUD41_20130806_NS01-03,MUD41,HELI,Medium,120
MUD41_20130806_NS01-03,MUD41,PHSP,Medium,24
MUD46_20130612_NS01-01,MUD46,HELI,Small,3
MUD46_20130612_NS01-03,MUD46,HELI,Small,12
MUD46_20130612_NS01-04,MUD46,HELI,Medium,3
MUD46_20130612_NS01-05,MUD46,GYRA,Small,6
MUD46_20130612_NS01-07,MUD46,HELI,Large,1
MUD46_20130612_NS01-07,MUD46,GYRA,Small,1
MUD46_20130612_NS01-08,MUD46,HELI,Small,1
MUD46_20130612_NS01-10,MUD46,HELI,Large,1
MUD74_20130605_NS01-01,MUD74,HELI,Medium,10
MUD74_20130605_NS01-01,MUD74,PHSP,Medium,3
MUD74_20130605_NS01-02,MUD74,HELI,Small,1
MUD74_20130605_NS01-03,MUD74,PHSP,Small,1
MUD74_20130605_NS01-04,MUD74,HELI,Small,5
MUD74_20130605_NS01-05,MUD74,PHSP,Medium,1
MUD74_20130605_NS01-05,MUD74,HELI,Small,14
MUD74_20130605_NS01-06,MUD74,HELI,Medium,2
MUD74_20130605_NS01-06,MUD74,HELI,Small,23
MUD74_20130605_NS01-07,MUD74,HELI,Small,6
MUD74_20130605_NS01-08,MUD74,HELI,Large,1
MUD74_20130605_NS01-08,MUD74,HELI,Medium,4
MUD74_20130605_NS01-09,MUD74,PHSP,Medium,4
MUD74_20130605_NS01-09,MUD74,HELI,Small,6
MUD74_20130605_NS01-10,MUD74,HELI,Medium,3
MUD74_20130605_NS01-10,MUD74,PHSP,Medium,2
MUD77_20130605_NS01-01,MUD77,PHSP,Small,1
MUD77_20130605_NS01-02,MUD77,PHSP,Small,1
MUD77_20130605_NS01-04,MUD77,PHSP,Small,1
MUD77_20130605_NS01-07,MUD77,PHSP,Small,8
MUD77_20130605_NS01-08,MUD77,PHSP,Small,1
MUD77_20130605_NS01-09,MUD77,PHSP,Small,1
MUDCR_20130513_NS01-03,MUDCR,PHSP,Small,1
MUDCR_20130513_NS01-07,MUDCR,PHSP,Small,2
MUDCR_20130513_NS01-08,MUDCR,PHSP,Medium,1
MUDCR_20130513_NS01-08,MUDCR,PHSP,Small,1
MUDCR_20130513_NS01-10,MUDCR,PHSP,Medium,1
MUDEF_20130513_NS01-01,MUDEF,HELI,Large,1
MUDEF_20130513_NS01-03,MUDEF,HELI,Medium,4
MUDEF_20130513_NS01-04,MUDEF,HELI,Medium,1
MUDEF_20130513_NS01-05,MUDEF,HELI,Large,1
MUDEF_20130513_NS01-05,MUDEF,HELI,Medium,10
MUDEF_20130513_NS01-06,MUDEF,HELI,Medium,1
MUDEF_20130513_NS01-07,MUDEF,HELI,Medium,2
MUDEF_20130513_NS01-08,MUDEF,HELI,Medium,2
MUDEF_20130513_NS01-09,MUDEF,HELI,Medium,1
MUDEF_20130513_NS01-09,MUDEF,HELI,Small,2
MUDEF_20130513_NS01-10,MUDEF,HELI,Medium,1
MUDEF_20130513_NS01-10,MUDEF,HELI,Small,1
MUDEF_20130709_NS01-01,MUDEF,HELI,Large,20
MUDEF_20130709_NS01-01,MUDEF,HELI,Medium,15
MUDEF_20130709_NS01-02,MUDEF,HELI,Large,4
MUDEF_20130709_NS01-03,MUDEF,HELI,Large,8
MUDLG_20130513_NS01-01,MUDLG,GYRA,Small,39
MUDLG_20130513_NS01-01,MUDLG,HELI,Small,2
MUDLG_20130513_NS01-01,MUDLG,PHSP,Small,24
MUDLG_20130513_NS01-02,MUDLG,HELI,Medium,3
MUDLG_20130513_NS01-02,MUDLG,GYRA,Small,2
MUDLG_20130513_NS01-02,MUDLG,PHSP,Small,1
MUDLG_20130513_NS01-03,MUDLG,HELI,Small,10
MUDLG_20130513_NS01-03,MUDLG,PHSP,Small,55
MUDLG_20130513_NS01-04,MUDLG,HELI,Medium,2
MUDLG_20130513_NS01-04,MUDLG,GYRA,Small,48
MUDLG_20130513_NS01-04,MUDLG,HELI,Small,15
MUDLG_20130513_NS01-04,MUDLG,PHSP,Small,57
MUDLG_20130513_NS01-06,MUDLG,GYRA,Small,2
MUDLG_20130513_NS01-06,MUDLG,HELI,Small,6
MUDLG_20130513_NS01-06,MUDLG,PHSP,Small,5
MUDLG_20130513_NS01-07,MUDLG,GYRA,Small,9
MUDLG_20130513_NS01-07,MUDLG,HELI,Small,3
MUDLG_20130513_NS01-07,MUDLG,PHSP,Small,12
MUDLG_20130513_NS01-08,MUDLG,GYRA,Small,4
MUDLG_20130513_NS01-08,MUDLG,HELI,Small,2
MUDLG_20130513_NS01-09,MUDLG,GYRA,Small,4
MUDLG_20130513_NS01-09,MUDLG,PHSP,Small,4
MUDLG_20130513_NS01-10,MUDLG,HELI,Medium,2
MUDLG_20130513_NS01-10,MUDLG,HELI,Small,11
MUDLG_20130709_NS01-01,MUDLG,PHSP,Small,4
MUDLG_20130709_NS01-02,MUDLG,PHSP,Small,1
MUDLG_20130709_NS01-03,MUDLG,GYRA,Small,2
MUDLG_20130709_NS01-03,MUDLG,HELI,Small,2
MUDLG_20130709_NS01-03,MUDLG,PHSP,Small,37
MUDRS_20130513_NS01-01,MUDRS,HELI,Medium,1
MUDRS_20130513_NS01-02,MUDRS,HELI,Small,1
MUDRS_20130513_NS01-03,MUDRS,HELI,Large,4
MUDRS_20130513_NS01-03,MUDRS,HELI,Medium,7
MUDRS_20130513_NS01-08,MUDRS,HELI,Medium,5
MUDRS_20130513_NS01-08,MUDRS,HELI,Small,2
MUDRS_20130513_NS01-09,MUDRS,HELI,Medium,1
NTALKGCP_20130510_NS01-01,NTALKGCP,PHSP,Large,1
NTALKGCP_20130510_NS01-01,NTALKGCP,PHSP,Medium,1
NTALKGCP_20130510_NS01-01,NTALKGCP,HELI,Small,2
NTALKGCP_20130510_NS01-02,NTALKGCP,HELI,Medium,11
NTALKGCP_20130510_NS01-02,NTALKGCP,HELI,Small,4
NTALKGCP_20130510_NS01-03,NTALKGCP,HELI,Medium,3
NTALKGCP_20130510_NS01-03,NTALKGCP,HELI,Small,11
NTALKGCP_20130510_NS01-04,NTALKGCP,PHSP,Large,1
NTALKGCP_20130510_NS01-04,NTALKGCP,HELI,Medium,6
NTALKGCP_20130510_NS01-04,NTALKGCP,HELI,Small,1
NTALKGCP_20130510_NS01-05,NTALKGCP,HELI,Medium,1
NTALKGCP_20130510_NS01-06,NTALKGCP,HELI,Medium,3
NTALKGCP_20130510_NS01-06,NTALKGCP,PHSP,Medium,1
NTALKGCP_20130510_NS01-07,NTALKGCP,HELI,Medium,4
NTALKGCP_20130510_NS01-07,NTALKGCP,PHSP,Medium,2
NTALKGCP_20130510_NS01-08,NTALKGCP,HELI,Medium,13
NTALKGCP_20130510_NS01-08,NTALKGCP,PHSP,Medium,1
NTALKGCP_20130510_NS01-09,NTALKGCP,HELI,Medium,2
NTALKGCP_20130510_NS01-09,NTALKGCP,PHSP,Medium,3
NTALKGCP_20130510_NS01-09,NTALKGCP,HELI,Small,2
NTALKGCP_20130510_NS01-10,NTALKGCP,HELI,Medium,11
NTALKGCP_20130510_NS01-10,NTALKGCP,PHSP,Medium,1
PRNTH1_20130603_NS01-01,PRNTH1,GYRA,Small,5
PRNTH1_20130603_NS01-02,PRNTH1,HELI,Medium,1
PRNTH1_20130603_NS01-02,PRNTH1,GYRA,Small,15
PRNTH1_20130603_NS01-03,PRNTH1,GYRA,Small,4
PRNTH1_20130603_NS01-04,PRNTH1,HELI,Medium,1
PRNTH1_20130603_NS01-04,PRNTH1,GYRA,Small,3
PRNTH1_20130603_NS01-04,PRNTH1,PHSP,Small,1
PRNTH1_20130603_NS01-05,PRNTH1,HELI,Medium,2
PRNTH1_20130603_NS01-05,PRNTH1,GYRA,Small,6
PRNTH1_20130603_NS01-05,PRNTH1,PHSP,Small,3
PRNTH1_20130603_NS01-06,PRNTH1,GYRA,Small,12
PRNTH1_20130603_NS01-06,PRNTH1,PHSP,Small,1
PRNTH1_20130603_NS01-07,PRNTH1,HELI,Medium,5
PRNTH1_20130603_NS01-07,PRNTH1,GYRA,Small,20
PRNTH1_20130603_NS01-07,PRNTH1,HELI,Small,2
PRNTH1_20130603_NS01-07,PRNTH1,PHSP,Small,1
PRNTH1_20130603_NS01-08,PRNTH1,GYRA,Small,4
PRNTH1_20130603_NS01-09,PRNTH1,GYRA,Small,5
PRNTH1_20130603_NS01-09,PRNTH1,PHSP,Small,3
PRNTH1_20130729_NS01-01,PRNTH1,HELI,Large,11
PRNTH1_20130729_NS01-01,PRNTH1,HELI,Medium,6
PRNTH1_20130729_NS01-02,PRNTH1,HELI,Large,3
PRNTH1_20130729_NS01-03,PRNTH1,HELI,Large,7
PRNTH1_20130729_NS01-03,PRNTH1,HELI,Medium,27
PRNTH2_20130603_NS01-05,PRNTH2,PHSP,Medium,3
PRNTH2_20130603_NS01-10,PRNTH2,PHSP,Medium,2
PRNTH3_20130603_NS01-01,PRNTH3,HELI,Medium,8
PRNTH3_20130603_NS01-01,PRNTH3,PHSP,Medium,2
PRNTH3_20130603_NS01-01,PRNTH3,HELI,Small,10
PRNTH3_20130603_NS01-02,PRNTH3,HELI,Large,2
PRNTH3_20130603_NS01-02,PRNTH3,HELI,Medium,42
PRNTH3_20130603_NS01-02,PRNTH3,PHSP,Medium,2
PRNTH3_20130603_NS01-03,PRNTH3,PHSP,Large,3
PRNTH3_20130603_NS01-03,PRNTH3,HELI,Medium,23
PRNTH3_20130603_NS01-04,PRNTH3,HELI,Medium,52
PRNTH3_20130603_NS01-04,PRNTH3,HELI,Small,13
PRNTH3_20130603_NS01-05,PRNTH3,HELI,Large,1
PRNTH3_20130603_NS01-05,PRNTH3,HELI,Medium,4
PRNTH3_20130603_NS01-05,PRNTH3,HELI,Small,4
PRNTH3_20130603_NS01-06,PRNTH3,HELI,Medium,41
PRNTH3_20130603_NS01-06,PRNTH3,HELI,Small,7
PRNTH3_20130603_NS01-07,PRNTH3,HELI,Medium,43
PRNTH3_20130603_NS01-07,PRNTH3,PHSP,Medium,1
PRNTH3_20130603_NS01-08,PRNTH3,HELI,Medium,135
PRNTH3_20130603_NS01-08,PRNTH3,PHSP,Medium,1
PRNTH3_20130603_NS01-09,PRNTH3,HELI,Medium,54
PRNTH3_20130603_NS01-09,PRNTH3,PHSP,Medium,2
PRNTH3_20130603_NS01-10,PRNTH3,PHSP,Large,1
PRNTH3_20130603_NS01-10,PRNTH3,HELI,Medium,65
PRNTH3_20130603_NS01-10,PRNTH3,PHSP,Medium,2
PRNTH4_20130603_NS01-01,PRNTH4,PHSP,Medium,4
PRNTH4_20130603_NS01-02,PRNTH4,PHSP,Large,1
PRNTH4_20130603_NS01-02,PRNTH4,PHSP,Small,2
PRNTH4_20130603_NS01-03,PRNTH4,PHSP,Medium,10
PRNTH4_20130603_NS01-03,PRNTH4,HELI,Small,1
PRNTH4_20130603_NS01-04,PRNTH4,PHSP,Small,1
PRNTH4_20130603_NS01-05,PRNTH4,PHSP,Medium,6
PRNTH4_20130603_NS01-06,PRNTH4,HELI,Medium,1
PRNTH4_20130603_NS01-08,PRNTH4,PHSP,Medium,7
PRNTH4_20130603_NS01-09,PRNTH4,HELI,Medium,1
PRNTH4_20130603_NS01-09,PRNTH4,PHSP,Medium,2
PRNTH4_20130603_NS01-10,PRNTH4,PHSP,Medium,3
PRNTH4_20130808_NS01_02,PRNTH4,PHSP,Medium,26
PRNTH4_20130808_NS01_02,PRNTH4,HELI,Small,6
PRNTH4_20130808_NS01_03,PRNTH4,HELI,Medium,14
PRNTH4_20130808_NS01_03,PRNTH4,PHSP,Medium,19
PRNTH4_20130808_NS01-01,PRNTH4,HELI,Large,19
PRNTH4_20130808_NS01-01,PRNTH4,PHSP,Medium,34
PRNTHIDK_20130603_NS01-01,PRNTHIDK,PHSP,md,4
PRNTHIDK_20130603_NS01-01,PRNTHIDK,HELI,Medium,1
PRNTHIDK_20130603_NS01-02,PRNTHIDK,HELI,Medium,1
PRNTHIDK_20130603_NS01-02,PRNTHIDK,PHSP,Medium,4
PRNTHIDK_20130603_NS01-04,PRNTHIDK,PHSP,Large,1
PRNTHIDK_20130603_NS01-04,PRNTHIDK,PHSP,Medium,3
PRNTHIDK_20130603_NS01-04,PRNTHIDK,GYRA,Small,6
PRNTHIDK_20130603_NS01-05,PRNTHIDK,PHSP,Medium,1
PRNTHIDK_20130603_NS01-06,PRNTHIDK,GYRA,Small,3
PRNTHIDK_20130603_NS01-07,PRNTHIDK,PHSP,Large,4
PRNTHIDK_20130603_NS01-07,PRNTHIDK,PHSP,Medium,4
PRNTHIDK_20130603_NS01-07,PRNTHIDK,GYRA,Small,2
PRNTHIDK_20130603_NS01-08,PRNTHIDK,PHSP,Large,2
PRNTHIDK_20130603_NS01-09,PRNTHIDK,HELI,md,1
PRNTHIDK_20130603_NS01-09,PRNTHIDK,PHSP,md,1
PRNTHIDK_20130603_NS01-11,PRNTHIDK,HELI,Medium,1
PRNTHMIT_20130603_NS01-01,PRNTHMIT,HELI,Large,2
PRNTHMIT_20130603_NS01-03,PRNTHMIT,PHSP,Small,3
PRNTHMIT_20130603_NS01-04,PRNTHMIT,PHSP,Small,2
PRNTHMIT_20130603_NS01-05,PRNTHMIT,PHSP,Medium,1
PRNTHMIT_20130603_NS01-08,PRNTHMIT,GYRA,Small,4
PRNTHMIT_20130603_NS01-08,PRNTHMIT,HELI,Small,1
PRNTHMIT_20130603_NS01-08,PRNTHMIT,PHSP,Small,3
PRNTHMIT_20130603_NS01-09,PRNTHMIT,GYRA,Small,1
PRNTHMIT_20130603_NS01-10,PRNTHMIT,GYRA,Small,2
PRNTHMIT_20130603_NS01-10,PRNTHMIT,PHSP,Small,2
PRNTHOWL_20130603_NS01-01,PRNTHOWL,HELI,Medium,2
PRNTHOWL_20130603_NS01-01,PRNTHOWL,PHSP,Medium,18
PRNTHOWL_20130603_NS01-02,PRNTHOWL,PHSP,Medium,19
PRNTHOWL_20130603_NS01-04,PRNTHOWL,PHSP,Large,1
PRNTHOWL_20130603_NS01-04,PRNTHOWL,HELI,Medium,3
PRNTHOWL_20130603_NS01-04,PRNTHOWL,PHSP,Medium,12
PRNTHOWL_20130603_NS01-05,PRNTHOWL,PHSP,Large,1
PRNTHOWL_20130603_NS01-05,PRNTHOWL,HELI,Medium,4
PRNTHOWL_20130603_NS01-05,PRNTHOWL,PHSP,Medium,23
PRNTHOWL_20130603_NS01-06,PRNTHOWL,PHSP,Large,2
PRNTHOWL_20130603_NS01-06,PRNTHOWL,HELI,Medium,8
PRNTHOWL_20130603_NS01-06,PRNTHOWL,PHSP,Medium,16
PRNTHOWL_20130603_NS01-07,PRNTHOWL,HELI,Medium,1
PRNTHOWL_20130603_NS01-07,PRNTHOWL,PHSP,Medium,11
PRNTHOWL_20130603_NS01-08,PRNTHOWL,PHSP,Medium,8
PRNTHOWL_20130603_NS01-09,PRNTHOWL,PHSP,Medium,3
PRNTHOWL_20130603_NS01-10,PRNTHOWL,PHSP,Large,1
PRNTHOWL_20130603_NS01-10,PRNTHOWL,HELI,Medium,7
PRNTHOWL_20130603_NS01-10,PRNTHOWL,PHSP,Medium,20
PRPND002_20130529_NS01-01,PRPND002,PHSP,Medium,5
PRPND002_20130529_NS01-02,PRPND002,PHSP,Medium,1
PRPND002_20130529_NS01-04,PRPND002,PHSP,Medium,1
PRPND002_20130529_NS01-05,PRPND002,PHSP,Large,1
PRPND002_20130529_NS01-06,PRPND002,PHSP,Large,4
PRPND002_20130529_NS01-07,PRPND002,PHSP,Large,3
PRPND002_20130529_NS01-09,PRPND002,PHSP,Large,1
PRPND007_20130529_NS01_06,PRPND007,HELI,Medium,1
PRPND007_20130529_NS01_06,PRPND007,HELI,Small,1
PRPND007_20130529_NS01_07,PRPND007,HELI,Medium,2
PRPND007_20130529_NS01_07,PRPND007,HELI,Small,1
PRPND007_20130529_NS01_08,PRPND007,HELI,Medium,1
PRPND007_20130529_NS01_09,PRPND007,HELI,Medium,2
PRPND007_20130529_NS01_10,PRPND007,HELI,Small,1
PRPND007_20130529_NS01-01,PRPND007,HELI,Large,1
PRPND007_20130529_NS01-02,PRPND007,HELI,Medium,5
PRPND007_20130529_NS01-02,PRPND007,HELI,Small,3
PRPND007_20130529_NS01-03,PRPND007,HELI,Large,1
PRPND007_20130529_NS01-03,PRPND007,HELI,Small,1
PRPND007_20130529_NS01-04,PRPND007,HELI,Medium,2
PRPND007_20130529_NS01-04,PRPND007,HELI,Small,1
PRPND008_20130529_NS01-01,PRPND008,HELI,Medium,2
PRPND008_20130529_NS01-03,PRPND008,HELI,Medium,2
PRPND008_20130529_NS01-05,PRPND008,HELI,Large,2
PRPND008_20130529_NS01-05,PRPND008,PHSP,Large,1
PRPND008_20130529_NS01-06,PRPND008,HELI,Large,2
PRPND008_20130529_NS01-06,PRPND008,HELI,Medium,7
PRPND008_20130529_NS01-06,PRPND008,PHSP,Medium,2
PRPND008_20130529_NS01-07,PRPND008,HELI,Medium,5
PRPND008_20130529_NS01-08,PRPND008,HELI,Medium,2
PRPND008_20130529_NS01-09,PRPND008,HELI,Large,5
PRPND008_20130529_NS01-09,PRPND008,PHSP,Large,1
PRPND008_20130529_NS01-09,PRPND008,HELI,Medium,2
PRPND008_20130529_NS01-10,PRPND008,HELI,Medium,1
PRPND009_20130520_NS01-01,PRPND009,HELI,Large,15
PRPND009_20130520_NS01-01,PRPND009,HELI,Medium,2
PRPND009_20130520_NS01-01,PRPND009,PHSP,Medium,9
PRPND009_20130520_NS01-02,PRPND009,HELI,Medium,7
PRPND009_20130520_NS01-02,PRPND009,PHSP,Medium,7
PRPND009_20130520_NS01-02,PRPND009,HELI,Small,2
PRPND009_20130520_NS01-03,PRPND009,HELI,Medium,34
PRPND009_20130520_NS01-03,PRPND009,PHSP,Medium,2
PRPND009_20130520_NS01-04,PRPND009,HELI,Medium,3
PRPND009_20130520_NS01-04,PRPND009,HELI,Small,1
PRPND009_20130520_NS01-05,PRPND009,HELI,Medium,11
PRPND009_20130520_NS01-05,PRPND009,PHSP,Medium,4
PRPND009_20130520_NS01-06,PRPND009,HELI,Medium,9
PRPND009_20130520_NS01-06,PRPND009,PHSP,Small,3
PRPND009_20130520_NS01-07,PRPND009,PHSP,Large,2
PRPND009_20130520_NS01-07,PRPND009,HELI,Medium,14
PRPND009_20130520_NS01-07,PRPND009,PHSP,Medium,6
PRPND009_20130520_NS01-07,PRPND009,HELI,Small,10
PRPND009_20130520_NS01-08,PRPND009,HELI,Large,1
PRPND009_20130520_NS01-08,PRPND009,PHSP,Large,1
PRPND009_20130520_NS01-08,PRPND009,HELI,Medium,19
PRPND009_20130520_NS01-08,PRPND009,PHSP,Medium,1
PRPND009_20130520_NS01-09,PRPND009,HELI,Large,1
PRPND009_20130520_NS01-09,PRPND009,HELI,Medium,15
PRPND009_20130520_NS01-09,PRPND009,PHSP,Medium,9
PRPND010_20130529_NS01-01,PRPND010,HELI,Large,5
PRPND010_20130529_NS01-01,PRPND010,PHSP,Large,1
PRPND010_20130529_NS01-01,PRPND010,HELI,Medium,2
PRPND010_20130529_NS01-01,PRPND010,PHSP,Small,2
PRPND010_20130529_NS01-02,PRPND010,HELI,Medium,1
PRPND010_20130529_NS01-02,PRPND010,PHSP,Medium,1
PRPND010_20130529_NS01-02,PRPND010,HELI,Small,2
PRPND010_20130529_NS01-03,PRPND010,HELI,Large,2
PRPND010_20130529_NS01-03,PRPND010,HELI,Medium,3
PRPND010_20130529_NS01-03,PRPND010,PHSP,Medium,3
PRPND010_20130529_NS01-03,PRPND010,HELI,Small,3
PRPND010_20130529_NS01-04,PRPND010,HELI,Large,1
PRPND010_20130529_NS01-04,PRPND010,PHSP,Medium,4
PRPND010_20130529_NS01-04,PRPND010,HELI,Small,2
PRPND010_20130529_NS01-04,PRPND010,PHSP,Small,4
PRPND010_20130529_NS01-05,PRPND010,PHSP,Small,1
PRPND010_20130529_NS01-06,PRPND010,PHSP,Large,1
PRPND010_20130529_NS01-06,PRPND010,HELI,Medium,12
PRPND010_20130529_NS01-06,PRPND010,PHSP,Medium,4
PRPND010_20130529_NS01-06,PRPND010,HELI,Small,2
PRPND010_20130529_NS01-06,PRPND010,PHSP,Small,6
PRPND010_20130529_NS01-07,PRPND010,HELI,Large,1
PRPND010_20130529_NS01-07,PRPND010,PHSP,Large,1
PRPND010_20130529_NS01-07,PRPND010,PHSP,Medium,6
PRPND010_20130529_NS01-07,PRPND010,HELI,Small,4
PRPND010_20130529_NS01-08,PRPND010,HELI,Large,1
PRPND010_20130529_NS01-08,PRPND010,HELI,Medium,3
PRPND010_20130529_NS01-08,PRPND010,HELI,Small,4
PRPND010_20130529_NS01-09,PRPND010,HELI,Medium,42
PRPND010_20130529_NS01-09,PRPND010,PHSP,Medium,16
PRPND010_20130529_NS01-09,PRPND010,HELI,Small,15
PRPND010_20130529_NS01-09,PRPND010,PHSP,Small,2
PRPND010_20130529_NS01-10,PRPND010,HELI,Medium,28
PRPND010_20130529_NS01-10,PRPND010,PHSP,Medium,8
PRPND012_20130605_NS01-01,PRPND012,GYRA,Small,100
PRPND012_20130605_NS01-01,PRPND012,HELI,Small,1
PRPND012_20130605_NS01-01,PRPND012,PHSP,Small,1
PRPND012_20130605_NS01-02,PRPND012,GYRA,Small,50
PRPND012_20130605_NS01-02,PRPND012,PHSP,Small,11
PRPND012_20130605_NS01-03,PRPND012,GYRA,Small,30
PRPND012_20130605_NS01-03,PRPND012,PHSP,Small,4
PRPND012_20130605_NS01-04,PRPND012,GYRA,Small,30
PRPND012_20130605_NS01-04,PRPND012,PHSP,Small,10
PRPND012_20130605_NS01-05,PRPND012,GYRA,Small,20
PRPND012_20130605_NS01-05,PRPND012,PHSP,Small,22
PRPND012_20130605_NS01-06,PRPND012,GYRA,Small,10
PRPND012_20130605_NS01-06,PRPND012,PHSP,Small,8
PRPND012_20130605_NS01-07,PRPND012,GYRA,Small,18
PRPND012_20130605_NS01-07,PRPND012,PHSP,Small,23
PRPND012_20130605_NS01-08,PRPND012,GYRA,Small,43
PRPND012_20130605_NS01-08,PRPND012,PHSP,Small,5
PRPND012_20130605_NS01-09,PRPND012,GYRA,Small,30
PRPND012_20130605_NS01-09,PRPND012,PHSP,Small,15
PRPND012_20130605_NS01-10,PRPND012,GYRA,Small,22
PRPND012_20130605_NS01-10,PRPND012,HELI,Small,1
PRPND012_20130605_NS01-10,PRPND012,PHSP,Small,18
PRPND014_20130520_NS01-01,PRPND014,GYRA,Small,50
PRPND014_20130520_NS01-01,PRPND014,HELI,Small,2
PRPND014_20130520_NS01-01,PRPND014,PHSP,Small,4
PRPND014_20130520_NS01-02,PRPND014,GYRA,Small,22
PRPND014_20130520_NS01-03,PRPND014,GYRA,Small,22
PRPND014_20130520_NS01-04,PRPND014,GYRA,Small,70
PRPND014_20130520_NS01-06,PRPND014,GYRA,Small,9
PRPND014_20130520_NS01-06,PRPND014,PHSP,Small,2
PRPND014_20130520_NS01-07,PRPND014,HELI,Medium,1
PRPND014_20130520_NS01-07,PRPND014,PHSP,Medium,4
PRPND014_20130520_NS01-08,PRPND014,GYRA,Small,3
PRPND014_20130520_NS01-09,PRPND014,HELI,Medium,7
PRPND014_20130520_NS01-09,PRPND014,GYRA,Small,2
PRPND014_20130520_NS01-10,PRPND014,HELI,Medium,7
PRPND014_20130520_NS01-10,PRPND014,HELI,Small,2
PRPND014_20130729_NS01-01,PRPND014,PHSP,Large,1
PRPND014_20130729_NS01-01,PRPND014,HELI,Medium,1
PRPND014_20130729_NS01-01,PRPND014,PHSP,Small,3
PRPND014_20130729_NS01-02,PRPND014,HELI,Large,5
PRPND014_20130729_NS01-02,PRPND014,PHSP,Large,15
PRPND014_20130729_NS01-02,PRPND014,HELI,Medium,7
PRPND014_20130729_NS01-02,PRPND014,PHSP,Medium,15
PRPND014_20130729_NS01-03,PRPND014,PHSP,Large,11
PRPND015_20130520_NS01-01,PRPND015,HELI,Large,2
PRPND015_20130520_NS01-02,PRPND015,HELI,Large,3
PRPND015_20130520_NS01-02,PRPND015,PHSP,Large,1
PRPND015_20130520_NS01-03,PRPND015,HELI,Large,2
PRPND015_20130520_NS01-03,PRPND015,PHSP,Large,3
PRPND015_20130520_NS01-04,PRPND015,PHSP,Large,2
PRPND015_20130520_NS01-05,PRPND015,PHSP,Large,9
PRPND015_20130520_NS01-05,PRPND015,HELI,Medium,2
PRPND015_20130520_NS01-06,PRPND015,PHSP,Medium,1
PRPND015_20130520_NS01-07,PRPND015,HELI,Large,3
PRPND015_20130520_NS01-07,PRPND015,HELI,Medium,11
PRPND015_20130520_NS01-08,PRPND015,HELI,Medium,1
PRPND015_20130520_NS01-08,PRPND015,PHSP,Small,1
PRTY02_20130617_NS01-02,PRTY02,HELI,Medium,1
PRTY02_20130617_NS01-02,PRTY02,HELI,Small,1
PRTY02_20130617_NS01-03,PRTY02,HELI,Medium,3
PRTY02_20130617_NS01-03,PRTY02,HELI,Small,1
PRTY02_20130617_NS01-06,PRTY02,HELI,Small,2
PRTY02_20130617_NS01-07,PRTY02,HELI,Large,1
PRTY02_20130617_NS01-07,PRTY02,HELI,Medium,1
PRTY02_20130805_NS01-01,PRTY02,HELI,Medium,1
PRTY02_20130805_NS01-02,PRTY02,HELI,Large,1
PRTY02_20130805_NS01-02,PRTY02,HELI,Medium,2
PRTY02_20130805_NS01-02,PRTY02,HELI,Small,1
RLSNKGCP_20130511_ns01-04,RLSNKGCP,HELI,md,1
RLSNKGCP_20130511_ns01-06,RLSNKGCP,GYRA,Small,1
RLSNKGCP_20130511_ns01-09,RLSNKGCP,HELI,Medium,2
RONJRGCP_20130509_NS01-01,RONJRGCP,PHSP,Medium,4
RONJRGCP_20130509_NS01-01,RONJRGCP,GYRA,Small,25
RONJRGCP_20130509_NS01-01,RONJRGCP,HELI,Small,4
RONJRGCP_20130509_NS01-01,RONJRGCP,PHSP,Small,17
RonJrGCP_20130509_NS01-02,RonJrGCP,GYRA,Small,23
RonJrGCP_20130509_NS01-02,RonJrGCP,HELI,Small,6
RonJrGCP_20130509_NS01-02,RonJrGCP,PHSP,Small,11
RonJrGCP_20130509_NS01-03,RonJrGCP,HELI,Medium,1
RonJrGCP_20130509_NS01-03,RonJrGCP,PHSP,Medium,17
RonJrGCP_20130509_NS01-03,RonJrGCP,GYRA,Small,42
RonJrGCP_20130509_NS01-03,RonJrGCP,HELI,Small,2
RonJrGCP_20130509_NS01-03,RonJrGCP,PHSP,Small,27
RonJrGCP_20130509_NS01-04,RonJrGCP,PHSP,Medium,2
RonJrGCP_20130509_NS01-04,RonJrGCP,GYRA,Small,23
RonJrGCP_20130509_NS01-04,RonJrGCP,PHSP,Small,14
RonJrGCP_20130509_NS01-05,RonJrGCP,PHSP,Medium,2
RonJrGCP_20130509_NS01-05,RonJrGCP,GYRA,Small,6
RonJrGCP_20130509_NS01-05,RonJrGCP,PHSP,Small,6
RonJrGCP_20130509_NS01-06,RonJrGCP,PHSP,Medium,13
RonJrGCP_20130509_NS01-06,RonJrGCP,GYRA,Small,14
RonJrGCP_20130509_NS01-06,RonJrGCP,PHSP,Small,13
RonJrGCP_20130509_NS01-07,RonJrGCP,PHSP,Medium,2
RonJrGCP_20130509_NS01-07,RonJrGCP,GYRA,Small,8
RonJrGCP_20130509_NS01-07,RonJrGCP,PHSP,Small,14
RonJrGCP_20130509_NS01-08,RonJrGCP,PHSP,MS,9
RonJrGCP_20130509_NS01-08,RonJrGCP,GYRA,Small,22
RonJrGCP_20130509_NS01-09,RonJrGCP,GYRA,Small,6
RonJrGCP_20130509_NS01-09,RonJrGCP,HELI,Small,2
RonJrGCP_20130509_NS01-09,RonJrGCP,PHSP,Small,6
RonJrGCP_20130509_NS01-10,RonJrGCP,HELI,Medium,2
RonJrGCP_20130509_NS01-10,RonJrGCP,PHSP,Medium,6
RonJrGCP_20130509_NS01-10,RonJrGCP,GYRA,Small,40
RonJrGCP_20130509_NS01-10,RonJrGCP,HELI,Small,4
RonJrGCP_20130509_NS01-10,RonJrGCP,PHSP,Small,26
SF26_20130516_NS01-01,SF26,PHSP,Medium,2
SF26_20130516_NS01-01,SF26,PHSP,Small,10
SF26_20130516_NS01-02,SF26,PHSP,Medium,2
SF26_20130516_NS01-02,SF26,LYCO,Small,1
SF26_20130516_NS01-02,SF26,PHSP,Small,1
SF26_20130516_NS01-03,SF26,PHSP,Medium,2
SF26_20130516_NS01-03,SF26,PHSP,Small,5
SF26_20130516_NS01-04,SF26,PHSP,Medium,4
SF26_20130516_NS01-04,SF26,PHSP,Small,26
SF26_20130516_NS01-05,SF26,LYCO,Small,1
SF26_20130516_NS01-05,SF26,PHSP,Small,5
SF26_20130516_NS01-06,SF26,HELI,Medium,1
SF26_20130516_NS01-06,SF26,PHSP,Medium,21
SF26_20130516_NS01-07,SF26,PHSP,Large,1
SF26_20130516_NS01-07,SF26,PHSP,Small,2
SF26_20130516_NS01-08,SF26,PHSP,Large,1
SF26_20130516_NS01-08,SF26,PHSP,Small,6
SF26_20130516_NS01-09,SF26,PHSP,Small,6
SF26_20130516_NS01-10,SF26,PHSP,Small,10
SF27_20130516_NS01-01,SF27,HELI,Large,1
SF27_20130516_NS01-02,SF27,HELI,Large,3
SF27_20130516_NS01-07,SF27,HELI,Large,1
SF27_20130516_NS01-09,SF27,HELI,Large,1
SF37_20130517_NS01-02,SF37,HELI,Medium,9
SF37_20130517_NS01-02,SF37,PHSP,Medium,2
SF37_20130517_NS01-02,SF37,HELI,Small,10
SF37_20130517_NS01-03,SF37,PHSP,Large,1
SF37_20130517_NS01-03,SF37,HELI,Medium,3
SF37_20130517_NS01-04,SF37,HELI,Medium,8
SF37_20130517_NS01-04,SF37,HELI,Small,1
SF37_20130517_NS01-05,SF37,HELI,Medium,1
SF37_20130517_NS01-05,SF37,PHSP,Medium,1
SF37_20130517_NS01-06,SF37,PHSP,Medium,3
SF37_20130517_NS01-07,SF37,HELI,Large,1
SF37_20130517_NS01-08,SF37,HELI,Medium,1
SF37_20130517_NS01-08,SF37,PHSP,Medium,1
SF37_20130517_NS01-08,SF37,PHSP,Small,1
SF37_20130517_NS01-09,SF37,HELI,Medium,1
SF40_20130517_NS01-02,SF40,HELI,Medium,5
SF40_20130517_NS01-04,SF40,HELI,Medium,5
SF40_20130517_NS01-06,SF40,HELI,Medium,3
SF40_20130517_NS01-07,SF40,HELI,Medium,1
SF40_20130517_NS01-08,SF40,HELI,Medium,5
SF40_20130517_NS01-10,SF40,HELI,Medium,1
SF41_20130517_NS01-02,SF41,HELI,Medium,1
SF41_20130517_NS01-06,SF41,HELI,Medium,2
SF41_20130517_NS01-09,SF41,HELI,Medium,1
SF41_20130517_NS01-10,SF41,HELI,Small,1
SF42_20130517_NS01-01,SF42,HELI,Medium,3
SF42_20130517_NS01-01,SF42,HELI,Small,4
SF42_20130517_NS01-02,SF42,HELI,Medium,5
SF42_20130517_NS01-03,SF42,HELI,Medium,6
SF42_20130517_NS01-03,SF42,HELI,Small,1
SF42_20130517_NS01-04,SF42,HELI,Medium,20
SF42_20130517_NS01-05,SF42,HELI,Medium,11
SF42_20130517_NS01-05,SF42,HELI,Small,1
SF42_20130517_NS01-06,SF42,HELI,Medium,12
SF42_20130517_NS01-07,SF42,HELI,Medium,4
SF42_20130517_NS01-07,SF42,HELI,Small,1
SF42_20130517_NS01-08,SF42,HELI,Medium,11
SF42_20130517_NS01-09,SF42,HELI,Medium,4
SF42_20130517_NS01-09,SF42,HELI,Small,12
SF42_20130517_NS01-10,SF42,HELI,Medium,5
SFDAM_20130516_NS01-01,SFDAM,PHSP,Small,4
SFDAM_20130516_NS01-02,SFDAM,GYRA,Small,1
SFDAM_20130516_NS01-02,SFDAM,PHSP,Small,1
SFDAM_20130516_NS01-03,SFDAM,GYRA,Small,3
SFDAM_20130516_NS01-03,SFDAM,PHSP,Small,1
SFDAM_20130516_NS01-04,SFDAM,PHSP,Small,6
SFDAM_20130516_NS01-05,SFDAM,GYRA,Small,12
SFDAM_20130516_NS01-05,SFDAM,PHSP,Small,13
SFDAM_20130516_NS01-06,SFDAM,GYRA,Small,2
SFDAM_20130516_NS01-06,SFDAM,PHSP,Small,3
SFDAM_20130516_NS01-07,SFDAM,GYRA,Small,2
SFDAM_20130516_NS01-07,SFDAM,HELI,Small,2
SFDAM_20130516_NS01-07,SFDAM,PHSP,Small,2
SFDAM_20130516_NS01-08,SFDAM,HELI,Small,1
SFDAM_20130516_NS01-08,SFDAM,PHSP,Small,10
SFDAM_20130516_NS01-09,SFDAM,GYRA,Small,15
SFDAM_20130516_NS01-09,SFDAM,HELI,Small,3
SFDAM_20130516_NS01-09,SFDAM,PHSP,Small,15
SFDAM_20130516_NS01-10,SFDAM,PHSP,Medium,3
SFDAM_20130516_NS01-10,SFDAM,HELI,Small,1
SFDAM_20130516_NS01-10,SFDAM,PHSP,Small,6
TGIF_20130520_NS01-01,TGIF,HELI,Large,1
TGIF_20130520_NS01-01,TGIF,PHSP,Large,1
TGIF_20130520_NS01-01,TGIF,LYCO,Medium,5
TGIF_20130520_NS01-01,TGIF,PHSP,Medium,2
TGIF_20130520_NS01-01,TGIF,HELI,Small,2
TGIF_20130520_NS01-01,TGIF,PHSP,Small,5
TGIF_20130520_NS01-02,TGIF,HELI,Medium,3
TGIF_20130520_NS01-02,TGIF,PHSP,Medium,2
TGIF_20130520_NS01-02,TGIF,HELI,Small,4
TGIF_20130520_NS01-02,TGIF,PHSP,Small,11
TGIF_20130520_NS01-03,TGIF,HELI,Medium,4
TGIF_20130520_NS01-03,TGIF,PHSP,Medium,1
TGIF_20130520_NS01-03,TGIF,HELI,Small,1
TGIF_20130520_NS01-04,TGIF,HELI,Medium,10
TGIF_20130520_NS01-04,TGIF,LYCO,MEDIUM,1
TGIF_20130520_NS01-04,TGIF,PHSP,Medium,6
TGIF_20130520_NS01-05,TGIF,HELI,Large,1
TGIF_20130520_NS01-05,TGIF,LYCO,Large,1
TGIF_20130520_NS01-05,TGIF,HELI,Medium,14
TGIF_20130520_NS01-05,TGIF,PHSP,Medium,6
TGIF_20130520_NS01-05,TGIF,HELI,Small,3
TGIF_20130520_NS01-07,TGIF,HELI,Large,3
TGIF_20130520_NS01-07,TGIF,HELI,Medium,10
TGIF_20130520_NS01-07,TGIF,LYCO,Medium,4
TGIF_20130520_NS01-07,TGIF,PHSP,Medium,3
TGIF_20130520_NS01-07,TGIF,PHSP,Small,1
TGIF_20130520_NS01-08,TGIF,HELI,Large,1
TGIF_20130520_NS01-08,TGIF,LYCO,Medium,3
TGIF_20130520_NS01-08,TGIF,PHSP,Medium,7
TGIF_20130520_NS01-08,TGIF,HELI,Small,3
TGIF_20130520_NS01-09,TGIF,HELI,Large,1
TGIF_20130520_NS01-09,TGIF,LYCO,Medium,2
TGIF_20130520_NS01-09,TGIF,HELI,Small,4
TGIF_20130520_NS01-09,TGIF,PHSP,Small,4
TGIF_20130520_NS01-10,TGIF,HELI,Large,3
TGIF_20130520_NS01-10,TGIF,PHSP,Large,2
TGIF_20130520_NS01-10,TGIF,HELI,Medium,15
TGIF_20130520_NS01-10,TGIF,LYCO,Medium,1
TGIF_20130520_NS01-10,TGIF,PHSP,Medium,3
UCTBOR_20130508_NS01-01,UCTBOR,HELI,Small,2
UCTBOR_20130508_NS01-01,UCTBOR,PHSP,Small,4
UCTBOR_20130508_NS01-02,UCTBOR,HELI,Small,7
UCTBOR_20130508_NS01-02,UCTBOR,PHSP,Small,15
UCTBOR_20130508_NS01-03,UCTBOR,GYRA,Small,1
UCTBOR_20130508_NS01-03,UCTBOR,PHSP,Small,6
UCTBOR_20130508_NS01-04,UCTBOR,HELI,Small,8
UCTBOR_20130508_NS01-04,UCTBOR,PHSP,Small,12
UCTBOR_20130508_NS01-05,UCTBOR,GYRA,Small,1
UCTBOR_20130508_NS01-05,UCTBOR,HELI,Small,1
UCTBOR_20130508_NS01-05,UCTBOR,PHSP,Small,4
UCTBOR_20130508_NS01-06,UCTBOR,PHSP,Small,11
UCTBOR_20130508_NS01-07,UCTBOR,HELI,Small,3
UCTBOR_20130508_NS01-07,UCTBOR,PHSP,Small,7
UCTBOR_20130508_NS01-08,UCTBOR,PHSP,Small,6
UCTBOR_20130508_NS01-09,UCTBOR,HELI,Small,1
UCTBOR_20130508_NS01-09,UCTBOR,PHSP,Small,7
UCTBOR_20130508_NS01-10,UCTBOR,PHSP,Small,13
VPPND001_20130611_NS01-05,VPPND001,PHSP,Large,5
VPPND001_20130611_NS01-10,VPPND001,PHSP,Large,2
VPPND001_20130801_NS01-01,VPPND001,PHSP,med-large,200
VPPND001_20130801_NS01-02,VPPND001,PHSP,Large,25
VPPND001_20130801_NS01-03,VPPND001,PHSP,Large,60
VPPND005_20130611_NS01-01,VPPND005,RARI,Large,1
VPPND005_20130611_NS01-02,VPPND005,PHSP,Medium,1
VPPND005_20130611_NS01-02,VPPND005,RARI,Medium,2
VPPND005_20130611_NS01-02,VPPND005,PHSP,Small,1
VPPND005_20130611_NS01-06,VPPND005,RARI,Large,1
VPPND006_20130611_NS01-02,VPPND006,HELI,Medium,1
VPPND006_20130611_NS01-03,VPPND006,HELI,Small,1
VPPND006_20130611_NS01-05,VPPND006,HELI,Medium,1
VPPND006_20130611_NS01-06,VPPND006,HELI,Medium,10
VPPND006_20130611_NS01-08,VPPND006,HELI,Large,1
VPPND006_20130611_NS01-08,VPPND006,HELI,Medium,9
VPPND006_20130611_NS01-09,VPPND006,HELI,Medium,1
VPPND006_20130611_NS01-10,VPPND006,HELI,Medium,2
VPPND006_20130801_NS01-01,VPPND006,HELI,Large,9
VPPND006_20130801_NS01-01,VPPND006,HELI,Small,1
VPPND006_20130801_NS01-02,VPPND006,HELI,Large,25
WestWing_20130610_NS01-01,WestWing,PHSP,Large,1
WestWing_20130610_NS01-01,WestWing,HELI,Medium,1
WestWing_20130610_NS01-01,WestWing,PHSP,Medium,8
WestWing_20130610_NS01-01,WestWing,GYRA,Small,2
WestWing_20130610_NS01-01,WestWing,HELI,Small,3
WestWing_20130610_NS01-02,WestWing,HELI,Medium,2
WestWing_20130610_NS01-02,WestWing,PHSP,Medium,5
WestWing_20130610_NS01-02,WestWing,GYRA,Small,8
WestWing_20130610_NS01-02,WestWing,HELI,Small,1
WestWing_20130610_NS01-02,WestWing,PHSP,Small,5
WestWing_20130610_NS01-03,WestWing,GYRA,Small,7
WestWing_20130610_NS01-03,WestWing,HELI,Small,1
WestWing_20130610_NS01-03,WestWing,PHSP,Small,3
WestWing_20130610_NS01-04,WestWing,HELI,Medium,2
WestWing_20130610_NS01-04,WestWing,PHSP,Medium,2
WestWing_20130610_NS01-04,WestWing,GYRA,Small,6
WestWing_20130610_NS01-04,WestWing,HELI,Small,1
WestWing_20130610_NS01-04,WestWing,PHSP,Small,9
WestWing_20130610_NS01-05,WestWing,GYRA,small,18
WestWing_20130610_NS01-05,WestWing,HELI,Small,1
WestWing_20130610_NS01-05,WestWing,PHSP,Small,17
WestWing_20130610_NS01-06,WestWing,GYRA,Small,32
WestWing_20130610_NS01-06,WestWing,PHSP,Small,15
WestWing_20130610_NS01-07,WestWing,HELI,Medium,1
WestWing_20130610_NS01-07,WestWing,PHSP,Medium,12
WestWing_20130610_NS01-07,WestWing,GYRA,Small,8
WestWing_20130610_NS01-07,WestWing,HELI,Small,1
WestWing_20130610_NS01-07,WestWing,PHSP,Small,10
WestWing_20130610_NS01-08,WestWing,GYRA,Small,8
WestWing_20130610_NS01-08,WestWing,PHSP,Small,14
WestWing_20130610_NS01-09,WestWing,GYRA,Small,23
WestWing_20130610_NS01-09,WestWing,PHSP,Small,7
WestWing_20130610_NS01-10,WestWing,GYRA,Small,12
WestWing_20130610_NS01-10,WestWing,PHSP,Small,11
WestWing_20130805_NS01-01,WestWing,PHSP,Small,1
WestWing_20130805_NS01-02,WestWing,HELI,Large,1
WestWing_20130805_NS01-02,WestWing,HELI,Medium,3
WestWing_20130805_NS01-03,WestWing,PHSP,Medium,1
WestWing_20130805_NS01-03,WestWing,PHSP,Small,19
YBBA_20130509_NS01-01,YBBA,RARI,Large,1
YBBA_20130509_NS01-01,YBBA,RARI,Small,2
YBBA_20130509_NS01-03,YBBA,LYCO,Small,3
YBBA_20130509_NS01-04,YBBA,HELI,Medium,1
YBBA_20130509_NS01-06,YBBA,RARI,Large,1
YBBA_20130509_NS01-06,YBBA,HELI,Small,1
YBBA_20130509_NS01-06,YBBA,LYCO,Small,2
YBBA_20130509_NS01-09,YBBA,RARI,Large,1
YBBA_20130509_NS01-10,YBBA,LYCO,Medium,1
YBBA_20130509_NS01-10,YBBA,RARI,Medium,1
